{
  "schema_version": "1.3",
  "aiperf_version": "0.11.0",
  "benchmark_id": "af6bb4d7dfde",
  "request_throughput": {
    "unit": "requests/sec",
    "avg": 0.060020549051355704
  },
  "request_latency": {
    "unit": "ms",
    "avg": 64213.1508061,
    "p1": 17960.83381407,
    "p5": 23707.157746349996,
    "p10": 30890.062661699998,
    "p25": 48937.378241,
    "p50": 78347.383078,
    "p75": 81132.00049625,
    "p90": 85210.9117833,
    "p95": 85359.44456265,
    "p99": 85478.27078613,
    "min": 16524.252830999998,
    "max": 85507.977342,
    "std": 23457.323115144067,
    "count": 10,
    "sum": 642131.5080609999
  },
  "request_count": {
    "unit": "requests",
    "avg": 10.0
  },
  "time_to_first_token": {
    "unit": "ms",
    "avg": 47617.724835199995,
    "p1": 1611.01263077,
    "p5": 7556.48130185,
    "p10": 14988.3171407,
    "p25": 35882.678134,
    "p50": 60217.874256999996,
    "p75": 64276.8420545,
    "p90": 65341.23195829999,
    "p95": 66758.21586814999,
    "p99": 67891.80299602999,
    "min": 124.64546299999999,
    "max": 68175.199778,
    "std": 22393.808220807736,
    "count": 10,
    "sum": 476177.24835199997
  },
  "time_to_second_token": {
    "unit": "ms",
    "avg": 9.4472236,
    "p1": 9.1499363,
    "p5": 9.1993175,
    "p10": 9.261044,
    "p25": 9.3215635,
    "p50": 9.482472,
    "p75": 9.522655,
    "p90": 9.647644199999998,
    "p95": 9.674753099999998,
    "p99": 9.69644022,
    "min": 9.137591,
    "max": 9.701862,
    "std": 0.16359227566923812,
    "count": 10,
    "sum": 94.472236
  },
  "inter_token_latency": {
    "unit": "ms",
    "avg": 9.660095526247535,
    "p1": 9.647698618071741,
    "p5": 9.64785221308239,
    "p10": 9.6480442068457,
    "p25": 9.649150720423696,
    "p50": 9.654438563133672,
    "p75": 9.661489703684195,
    "p90": 9.684801283904687,
    "p95": 9.687765152173451,
    "p99": 9.690136246788466,
    "min": 9.64766021931908,
    "max": 9.69072902044222,
    "std": 0.01464791363374379,
    "count": 10,
    "sum": 96.60095526247535
  },
  "output_token_throughput": {
    "unit": "tokens/sec",
    "avg": 103.13931148984965
  },
  "output_token_throughput_per_user": {
    "unit": "tokens/sec/user",
    "avg": 103.51888266621533,
    "p1": 103.19772729609893,
    "p5": 103.22299299153175,
    "p10": 103.25457511082277,
    "p25": 103.50370705885129,
    "p50": 103.57931685863728,
    "p75": 103.63606388601458,
    "p90": 103.64794965040308,
    "p95": 103.65001229268704,
    "p99": 103.65166240651419,
    "min": 103.19141087224072,
    "max": 103.65207493497098,
    "std": 0.15669995743346354,
    "count": 10,
    "sum": 1035.1888266621531
  },
  "output_sequence_length": {
    "unit": "tokens",
    "avg": 1718.4,
    "p1": 1274.8,
    "p5": 1318.0,
    "p10": 1372.0,
    "p25": 1442.25,
    "p50": 1647.5,
    "p75": 1771.0,
    "p90": 2369.2,
    "p95": 2383.6,
    "p99": 2395.12,
    "min": 1264.0,
    "max": 2398.0,
    "std": 365.8215958633388,
    "count": 10,
    "sum": 17184.0
  },
  "input_sequence_length": {
    "unit": "tokens",
    "avg": 550.0,
    "p1": 550.0,
    "p5": 550.0,
    "p10": 550.0,
    "p25": 550.0,
    "p50": 550.0,
    "p75": 550.0,
    "p90": 550.0,
    "p95": 550.0,
    "p99": 550.0,
    "min": 550.0,
    "max": 550.0,
    "std": 0.0,
    "count": 10,
    "sum": 5500.0
  },
  "output_token_count": {
    "unit": "tokens",
    "avg": 876.8,
    "p1": 643.18,
    "p5": 643.9,
    "p10": 644.8,
    "p25": 657.75,
    "p50": 828.0,
    "p75": 874.0,
    "p90": 1360.3,
    "p95": 1388.6499999999999,
    "p99": 1411.33,
    "min": 643.0,
    "max": 1417.0,
    "std": 269.704949898959,
    "count": 10,
    "sum": 8768.0
  },
  "reasoning_token_count": {
    "unit": "tokens",
    "avg": 841.6,
    "p1": 627.01,
    "p5": 659.05,
    "p10": 699.1,
    "p25": 727.5,
    "p50": 843.0,
    "p75": 974.25,
    "p90": 1001.2,
    "p95": 1006.6,
    "p99": 1010.92,
    "min": 619.0,
    "max": 1012.0,
    "std": 135.19260334796428,
    "count": 10,
    "sum": 8416.0
  },
  "inter_chunk_latency": {
    "unit": "ms",
    "avg": 9.662547872430858,
    "p1": 8.890126677272727,
    "p5": 9.261875043290045,
    "p10": 9.380430446250003,
    "p25": 9.519571856872545,
    "p50": 9.651989693154482,
    "p75": 9.785625690021007,
    "p90": 9.939458765795205,
    "p95": 10.085344904462241,
    "p99": 10.482614062499998,
    "min": 4.636227,
    "max": 19.503633999999998,
    "std": 0.36452967242896966,
    "count": 17175,
    "sum": 165954.259709
  },
  "total_output_tokens": {
    "unit": "tokens",
    "avg": 8768.0
  },
  "total_reasoning_tokens": {
    "unit": "tokens",
    "avg": 8416.0
  },
  "benchmark_duration": {
    "unit": "sec",
    "avg": 166.609605511
  },
  "total_isl": {
    "unit": "tokens",
    "avg": 5500.0
  },
  "total_osl": {
    "unit": "tokens",
    "avg": 17184.0
  },
  "telemetry_data": {
    "summary": {
      "endpoints_configured": [],
      "endpoints_successful": [],
      "start_time": "2026-07-19T19:32:18.130456",
      "end_time": "2026-07-19T19:35:06.782469"
    },
    "endpoints": {},
    "error_summary": []
  },
  "input_config": {
    "models": {
      "items": [
        {
          "name": "gemma-26B"
        }
      ]
    },
    "endpoint": {
      "urls": [
        "http://localhost:8000"
      ],
      "type": "chat",
      "api_key": "<redacted>",
      "streaming": true,
      "extra": {
        "chat_template_kwargs": {
          "enable_thinking": true
        }
      }
    },
    "datasets": [
      {
        "name": "main",
        "type": "synthetic",
        "entries": 10,
        "random_seed": 42,
        "prompts": {
          "isl": {
            "mean": 550.0
          }
        }
      }
    ],
    "phases": [
      {
        "name": "profiling",
        "type": "concurrency",
        "requests": 10,
        "concurrency": 5
      }
    ],
    "artifacts": {
      "dir": "/home/shadeform/NVIDIA-Brev-L40S-vLLM-DiffusionGemma/benchmarking/artifacts/dynamo/gemma/conc5",
      "records": [
        "jsonl"
      ],
      "auto_plot": false,
      "plot_required": false
    },
    "tokenizer": {
      "name": "nvidia/Gemma-4-26B-A4B-NVFP4"
    },
    "gpu_telemetry": {
      "enabled": true
    },
    "server_metrics": {
      "enabled": true,
      "urls": [],
      "formats": [
        "json",
        "csv"
      ]
    },
    "network_latency": {
      "enabled": false
    },
    "otel": {},
    "mlflow": {},
    "wandb": {},
    "runtime": {
      "ui": "none"
    }
  },
  "run_info": {
    "benchmark_id": "af6bb4d7dfde",
    "random_seed": 42,
    "trial": 0,
    "cli_command": "aiperf profile --model 'gemma-26B' --tokenizer 'nvidia/Gemma-4-26B-A4B-NVFP4' --streaming --endpoint-type 'chat' --extra-inputs '{\"chat_template_kwargs\":{\"enable_thinking\":true}}' --url 'http://localhost:8000' --request-count 10 --random-seed 42 --concurrency 5 --concurrency-min 5 --artifact-dir '/home/shadeform/NVIDIA-Brev-L40S-vLLM-DiffusionGemma/benchmarking/artifacts/dynamo/gemma/conc5' --ui None --api-key '<redacted>'"
  },
  "was_cancelled": false,
  "error_summary": [],
  "start_time": "2026-07-19T19:32:18.130456",
  "end_time": "2026-07-19T19:35:04.773693",
  "http_req_sending": {
    "unit": "ms",
    "avg": 1.4762195,
    "p1": 0.24398287999999999,
    "p5": 0.2444264,
    "p10": 0.24498079999999997,
    "p25": 0.3088905,
    "p50": 1.406101,
    "p75": 2.53457175,
    "p90": 2.8519482000000003,
    "p95": 2.8923861,
    "p99": 2.92473642,
    "min": 0.24387199999999998,
    "max": 2.9328239999999997,
    "std": 1.1911549670006205,
    "count": 10,
    "sum": 14.762195
  },
  "http_req_dns_lookup": {
    "unit": "ms",
    "avg": 0.7110805,
    "p1": 0.0,
    "p5": 0.0,
    "p10": 0.0,
    "p25": 0.0,
    "p50": 0.6863905,
    "p75": 1.40233425,
    "p90": 1.4548671,
    "p95": 1.47469905,
    "p99": 1.49056461,
    "min": 0.0,
    "max": 1.4945309999999998,
    "std": 0.7117877113286306,
    "count": 10,
    "sum": 7.110805
  },