{
  "schema_version": "1.3",
  "aiperf_version": "0.11.0",
  "benchmark_id": "f06e45601733",
  "request_throughput": {
    "unit": "requests/sec",
    "avg": 0.06111597414499458
  },
  "request_latency": {
    "unit": "ms",
    "avg": 67082.19690709999,
    "p1": 17211.69762117,
    "p5": 22314.494441849998,
    "p10": 28692.990467699998,
    "p25": 50767.7393885,
    "p50": 78837.24681299999,
    "p75": 88055.97745325,
    "p90": 89895.3623603,
    "p95": 90654.89085214998,
    "p99": 91262.51364563,
    "min": 15935.998415999999,
    "max": 91414.419344,
    "std": 25789.23465611121,
    "count": 10,
    "sum": 670821.969071
  },
  "request_count": {
    "unit": "requests",
    "avg": 10.0
  },
  "time_to_first_token": {
    "unit": "ms",
    "avg": 50795.333339599994,
    "p1": 1516.57765671,
    "p5": 7250.19869955,
    "p10": 14417.2250031,
    "p25": 34164.62598,
    "p50": 62103.306628,
    "p75": 70248.57934575,
    "p90": 75576.3633448,
    "p95": 75602.44647339999,
    "p99": 75623.31297628,
    "min": 83.17239599999999,
    "max": 75628.529602,
    "std": 25449.018695416977,
    "count": 10,
    "sum": 507953.333396
  },
  "time_to_second_token": {
    "unit": "ms",
    "avg": 9.6507726,
    "p1": 9.499592779999999,
    "p5": 9.531899899999999,
    "p10": 9.572283800000001,
    "p25": 9.6119635,
    "p50": 9.66118,
    "p75": 9.701753,
    "p90": 9.7338574,
    "p95": 9.739857699999998,
    "p99": 9.74465794,
    "min": 9.491515999999999,
    "max": 9.745858,
    "std": 0.07425907017085522,
    "count": 10,
    "sum": 96.50772599999999
  },
  "inter_token_latency": {
    "unit": "ms",
    "avg": 9.627722196168303,
    "p1": 9.608369277915342,
    "p5": 9.611449674775265,
    "p10": 9.615300170850169,
    "p25": 9.620099078505007,
    "p50": 9.625468285587381,
    "p75": 9.6361201065706,
    "p90": 9.643755163637778,
    "p95": 9.64424876951748,
    "p99": 9.644643654221245,
    "min": 9.607599178700362,
    "max": 9.644742375397184,
    "std": 0.011423017959909047,
    "count": 10,
    "sum": 96.27722196168303
  },
  "output_token_throughput": {
    "unit": "tokens/sec",
    "avg": 103.42656304557433
  },
  "output_token_throughput_per_user": {
    "unit": "tokens/sec/user",
    "avg": 103.86687395104175,
    "p1": 103.6844944107178,
    "p5": 103.68874000454878,
    "p10": 103.6940469968375,
    "p25": 103.77621008864455,
    "p50": 103.89104928607271,
    "p75": 103.94904337830789,
    "p90": 104.00092077784642,
    "p95": 104.04259814884128,
    "p99": 104.07594004563718,
    "min": 103.68343301226005,
    "max": 104.08427551983615,
    "std": 0.12324116873174996,
    "count": 10,
    "sum": 1038.6687395104175
  },
  "output_sequence_length": {
    "unit": "tokens",
    "avg": 1692.3,
    "p1": 1131.59,
    "p5": 1221.95,
    "p10": 1334.9,
    "p25": 1510.5,
    "p50": 1647.5,
    "p75": 1940.0,
    "p90": 2024.8999999999999,
    "p95": 2114.45,
    "p99": 2186.09,
    "min": 1109.0,
    "max": 2204.0,
    "std": 312.2790578953382,
    "count": 10,
    "sum": 16923.0
  },
  "input_sequence_length": {
    "unit": "tokens",
    "avg": 550.0,
    "p1": 550.0,
    "p5": 550.0,
    "p10": 550.0,
    "p25": 550.0,
    "p50": 550.0,
    "p75": 550.0,
    "p90": 550.0,
    "p95": 550.0,
    "p99": 550.0,
    "min": 550.0,
    "max": 550.0,
    "std": 0.0,
    "count": 10,
    "sum": 5500.0
  },
  "output_token_count": {
    "unit": "tokens",
    "avg": 870.2,
    "p1": 416.16,
    "p5": 532.8,
    "p10": 678.6,
    "p25": 741.0,
    "p50": 874.0,
    "p75": 916.5,
    "p90": 1190.6,
    "p95": 1269.7999999999997,
    "p99": 1333.16,
    "min": 387.0,
    "max": 1349.0,
    "std": 247.01894664175055,
    "count": 10,
    "sum": 8702.0
  },
  "reasoning_token_count": {
    "unit": "tokens",
    "avg": 822.1,
    "p1": 642.35,
    "p5": 647.75,
    "p10": 654.5,
    "p25": 713.0,
    "p50": 764.5,
    "p75": 819.0,
    "p90": 1099.5,
    "p95": 1187.2499999999998,
    "p99": 1257.45,
    "min": 641.0,
    "max": 1275.0,
    "std": 190.745615939135,
    "count": 10,
    "sum": 8221.0
  },
  "inter_chunk_latency": {
    "unit": "ms",
    "avg": 9.629789846567729,
    "p1": 8.474527463345028,
    "p5": 9.361021568648647,
    "p10": 9.466573188085107,
    "p25": 9.54804091536458,
    "p50": 9.621126064336076,
    "p75": 9.692960400955732,
    "p90": 9.784375140924649,
    "p95": 9.93493162543269,
    "p99": 10.989809462777767,
    "min": 2.509892,
    "max": 19.848938999999998,
    "std": 0.5158565755333091,
    "count": 16913,
    "sum": 162868.635675
  },
  "total_output_tokens": {
    "unit": "tokens",
    "avg": 8702.0
  },
  "total_reasoning_tokens": {
    "unit": "tokens",
    "avg": 8221.0
  },
  "benchmark_duration": {
    "unit": "sec",
    "avg": 163.623342995
  },
  "total_isl": {
    "unit": "tokens",
    "avg": 5500.0
  },
  "total_osl": {
    "unit": "tokens",
    "avg": 16923.0
  },
  "telemetry_data": {
    "summary": {
      "endpoints_configured": [],
      "endpoints_successful": [],
      "start_time": "2026-07-19T00:04:00.577938",
      "end_time": "2026-07-19T00:06:46.236403"
    },
    "endpoints": {},
    "error_summary": []
  },
  "input_config": {
    "models": {
      "items": [
        {
          "name": "gemma-26B"
        }
      ]
    },
    "endpoint": {
      "urls": [
        "http://localhost:8000"
      ],
      "type": "chat",
      "streaming": true
    },
    "datasets": [
      {
        "name": "main",
        "type": "synthetic",
        "entries": 10,
        "prompts": {
          "isl": {
            "mean": 550.0
          }
        }
      }
    ],
    "phases": [
      {
        "name": "profiling",
        "type": "concurrency",
        "requests": 10,
        "concurrency": 5
      }
    ],
    "artifacts": {
      "dir": "/home/shadeform/test/artifacts/gemma-26B-openai-chat-concurrency5",
      "records": [
        "jsonl"
      ],
      "auto_plot": false,
      "plot_required": false
    },
    "tokenizer": {
      "name": "nvidia/Gemma-4-26B-A4B-NVFP4"
    },
    "gpu_telemetry": {
      "enabled": true
    },
    "server_metrics": {
      "enabled": true,
      "urls": [],
      "formats": [
        "json",
        "csv"
      ]
    },
    "network_latency": {
      "enabled": false
    },
    "otel": {},
    "mlflow": {},
    "wandb": {}
  },
  "run_info": {
    "benchmark_id": "f06e45601733",
    "trial": 0,
    "cli_command": "aiperf profile --model 'gemma-26B' --tokenizer 'nvidia/Gemma-4-26B-A4B-NVFP4' --streaming --endpoint-type 'chat' --url 'http://localhost:8000' --request-count 10 --concurrency 5 --concurrency-min 5"
  },
  "was_cancelled": false,
  "error_summary": [],
  "start_time": "2026-07-19T00:04:00.577938",
  "end_time": "2026-07-19T00:06:44.229387",
  "time_to_first_output_token": {
    "unit": "ms",
    "avg": 58688.1789255,
    "p1": 8928.58929565,
    "p5": 14600.162742249999,
    "p10": 21689.629550499998,
    "p25": 42324.13579775,
    "p50": 71319.4126895,
    "p75": 77163.63057975,
    "p90": 81910.8844441,
    "p95": 82772.53213255,
    "p99": 83461.85028330999,
    "min": 7510.695933999999,
    "max": 83634.179821,
    "std": 25542.776927230694,
    "count": 10,
    "sum": 586881.789255
  },
  "http_req_dns_lookup": {
    "unit": "ms",
    "avg": 0.6343899,
    "p1": 0.0,
    "p5": 0.0,
    "p10": 0.0,
    "p25": 0.0,
    "p50": 0.5858185,
    "p75": 1.276414,
    "p90": 1.3095903999999998,
    "p95": 1.3261881999999998,
    "p99": 1.3394664399999998,
    "min": 0.0,
    "max": 1.342786,
    "std": 0.6358149528533361,
    "count": 10,
    "sum": 6.3438989999999995
  },
  "http_req_connection_reused": {
    "unit": "ratio",
    "avg": 0.5,
    "p1": 0.0,
    "p5": 0.0,
    "p10": 0.0,
    "p25": 0.0,
    "p50": 0.5,
    "p75": 1.0,
    "p90": 1.0,
    "p95": 1.0,
    "p99": 1.0,
    "min": 0.0,
    "max": 1.0,
    "std": 0.5,
    "count": 10,
    "sum": 5.0
  },
  "http_req_connecting": {
    "unit": "ms",
    "avg": 0.9767753,
    "p1": 0.0,
    "p5": 0.0,