{
  "schema_version": "1.3",
  "aiperf_version": "0.11.0",
  "benchmark_id": "21f59579bce6",
  "request_throughput": {
    "unit": "requests/sec",
    "avg": 0.3167859546628514
  },
  "request_latency": {
    "unit": "ms",
    "avg": 3154.5786026999995,
    "p1": 2439.60343017,
    "p5": 2465.89301085,
    "p10": 2498.7549867,
    "p25": 2828.16320125,
    "p50": 2924.4132725,
    "p75": 3313.4943894999997,
    "p90": 3714.2058177999993,
    "p95": 4380.967099899998,
    "p99": 4914.37612558,
    "min": 2433.031035,
    "max": 5047.728381999999,
    "std": 712.1451830530847,
    "count": 10,
    "sum": 31545.786027
  },
  "request_count": {
    "unit": "requests",
    "avg": 10.0
  },
  "time_to_first_token": {
    "unit": "ms",
    "avg": 584.3561778999999,
    "p1": 488.02283057,
    "p5": 496.63391285,
    "p10": 507.3977657,
    "p25": 528.5612165,
    "p50": 595.0823015,
    "p75": 632.6586522499999,
    "p90": 640.278657,
    "p95": 655.8790184999999,
    "p99": 668.3593077,
    "min": 485.87005999999997,
    "max": 671.47938,
    "std": 59.58705905713529,
    "count": 10,
    "sum": 5843.561779
  },
  "time_to_second_token": {
    "unit": "ms",
    "avg": 469.9294835,
    "p1": 255.88570994,
    "p5": 300.73755769999997,
    "p10": 356.8023674,
    "p25": 383.058741,
    "p50": 471.4171295,
    "p75": 528.916078,
    "p90": 638.312772,
    "p95": 653.32929,
    "p99": 665.3425043999999,
    "min": 244.67274799999998,
    "max": 668.3458079999999,
    "std": 121.74718692612505,
    "count": 10,
    "sum": 4699.294835
  },
  "inter_token_latency": {
    "unit": "ms",
    "avg": 1.6403183397481247,
    "p1": 1.3063793561240622,
    "p5": 1.3289126860257163,
    "p10": 1.357079348402784,
    "p25": 1.439501397230967,
    "p50": 1.7224875894667218,
    "p75": 1.7897036561350665,
    "p90": 1.8273560666317106,
    "p95": 1.86592078963537,
    "p99": 1.8967725680382974,
    "min": 1.3007460236486488,
    "max": 1.9044855126390294,
    "std": 0.2049394004451251,
    "count": 10,
    "sum": 16.403183397481246
  },
  "output_token_throughput": {
    "unit": "tokens/sec",
    "avg": 508.34642144747767
  },
  "output_token_throughput_per_user": {
    "unit": "tokens/sec/user",
    "avg": 620.119155668659,
    "p1": 527.302887514175,
    "p5": 536.2096710319933,
    "p10": 547.343150429266,
    "p25": 558.8027117781436,
    "p50": 580.7404320399269,
    "p75": 698.7256655915832,
    "p90": 737.02310465763,
    "p95": 752.9063464773901,
    "p99": 765.6129399331983,
    "min": 525.0761916347205,
    "max": 768.7895882971503,
    "std": 84.17246550706375,
    "count": 10,
    "sum": 6201.19155668659
  },
  "output_sequence_length": {
    "unit": "tokens",
    "avg": 1604.7,
    "p1": 1002.6,
    "p5": 1053.0,
    "p10": 1116.0,
    "p25": 1242.0,
    "p50": 1348.0,
    "p75": 1967.75,
    "p90": 2390.0,
    "p95": 2484.5,
    "p99": 2560.1,
    "min": 990.0,
    "max": 2579.0,
    "std": 521.5149182909344,
    "count": 10,
    "sum": 16047.0
  },
  "input_sequence_length": {
    "unit": "tokens",
    "avg": 550.0,
    "p1": 550.0,
    "p5": 550.0,
    "p10": 550.0,
    "p25": 550.0,
    "p50": 550.0,
    "p75": 550.0,
    "p90": 550.0,
    "p95": 550.0,
    "p99": 550.0,
    "min": 550.0,
    "max": 550.0,
    "std": 0.0,
    "count": 10,
    "sum": 5500.0
  },
  "output_token_count": {
    "unit": "tokens",
    "avg": 711.0,
    "p1": 493.61,
    "p5": 504.05,
    "p10": 517.1,
    "p25": 621.0,
    "p50": 710.5,
    "p75": 751.0,
    "p90": 803.3999999999999,
    "p95": 985.1999999999996,
    "p99": 1130.64,
    "min": 491.0,
    "max": 1167.0,
    "std": 177.08246666454588,
    "count": 10,
    "sum": 7110.0
  },
  "reasoning_token_count": {
    "unit": "tokens",
    "avg": 893.7,
    "p1": 508.36,
    "p5": 545.8,
    "p10": 592.6,
    "p25": 608.5,
    "p50": 671.0,
    "p75": 1220.75,
    "p90": 1431.3999999999999,
    "p95": 1518.6999999999998,
    "p99": 1588.54,
    "min": 499.0,
    "max": 1606.0,
    "std": 381.65325886202,
    "count": 10,
    "sum": 8937.0
  },
  "inter_chunk_latency": {
    "unit": "ms",
    "avg": 435.6309194576271,
    "p1": 187.6786018,
    "p5": 200.78460555,
    "p10": 251.50209119999997,
    "p25": 355.0997665,
    "p50": 417.78829199999996,
    "p75": 533.3762895,
    "p90": 624.9387184000001,
    "p95": 653.0640854999998,
    "p99": 668.4333418099999,
    "min": 187.42449399999998,
    "max": 668.441999,
    "std": 133.05866570662099,
    "count": 59,
    "sum": 25702.224248
  },
  "total_output_tokens": {
    "unit": "tokens",
    "avg": 7110.0
  },
  "total_reasoning_tokens": {
    "unit": "tokens",
    "avg": 8937.0
  },
  "benchmark_duration": {
    "unit": "sec",
    "avg": 31.567056092
  },
  "total_isl": {
    "unit": "tokens",
    "avg": 5500.0
  },
  "total_osl": {
    "unit": "tokens",
    "avg": 16047.0
  },
  "telemetry_data": {
    "summary": {
      "endpoints_configured": [],
      "endpoints_successful": [],
      "start_time": "2026-07-18T23:05:54.285207",
      "end_time": "2026-07-18T23:06:27.862643"
    },
    "endpoints": {},
    "error_summary": []
  },
  "input_config": {
    "models": {
      "items": [
        {
          "name": "diffusiongemma-26B"
        }
      ]
    },
    "endpoint": {
      "urls": [
        "http://localhost:8000"
      ],
      "type": "chat",
      "streaming": true
    },
    "datasets": [
      {
        "name": "main",
        "type": "synthetic",
        "entries": 10,
        "prompts": {
          "isl": {
            "mean": 550.0
          }
        }
      }
    ],
    "phases": [
      {
        "name": "profiling",
        "type": "concurrency",
        "requests": 10,
        "concurrency": 1
      }
    ],
    "artifacts": {
      "dir": "/home/shadeform/test/artifacts/diffusiongemma-26B-openai-chat-concurrency1",
      "records": [
        "jsonl"
      ],
      "auto_plot": false,
      "plot_required": false
    },
    "tokenizer": {
      "name": "nvidia/diffusiongemma-26B-A4B-it-NVFP4"
    },
    "gpu_telemetry": {
      "enabled": true
    },
    "server_metrics": {
      "enabled": true,
      "urls": [],
      "formats": [
        "json",
        "csv"
      ]
    },
    "network_latency": {
      "enabled": false
    },
    "otel": {},
    "mlflow": {},
    "wandb": {}
  },
  "run_info": {
    "benchmark_id": "21f59579bce6",
    "trial": 0,
    "cli_command": "aiperf profile --model 'diffusiongemma-26B' --tokenizer 'nvidia/diffusiongemma-26B-A4B-it-NVFP4' --streaming --endpoint-type 'chat' --url 'http://localhost:8000' --request-count 10 --concurrency 1 --concurrency-min 1"
  },
  "was_cancelled": false,
  "error_summary": [],
  "start_time": "2026-07-18T23:05:54.285207",
  "end_time": "2026-07-18T23:06:25.855177",
  "http_req_data_sent": {
    "unit": "KB",
    "avg": 2.45927734375,
    "p1": 2.204443359375,
    "p5": 2.244873046875,
    "p10": 2.29541015625,
    "p25": 2.341796875,
    "p50": 2.45166015625,
    "p75": 2.605712890625,
    "p90": 2.6296875,
    "p95": 2.633203125,
    "p99": 2.636015625,
    "min": 2.1943359375,
    "max": 2.63671875,
    "std": 0.1464355712972012,
    "count": 10,
    "sum": 24.5927734375
  },
  "http_req_chunks_sent": {
    "unit": "count",
    "avg": 1.0,
    "p1": 1.0,
    "p5": 1.0,
    "p10": 1.0,
    "p25": 1.0,
    "p50": 1.0,
    "p75": 1.0,
    "p90": 1.0,
    "p95": 1.0,
    "p99": 1.0,
    "min": 1.0,
    "max": 1.0,
    "std": 0.0,
    "count": 10,
    "sum": 10.0
  },
  "http_req_receiving": {
    "unit": "ms",
    "avg": 2570.2316659999997,
    "p1": 1851.99283843,
    "p5": 1864.49564815,
    "p10": 1880.1241602999999,
    "p25": 2197.99927675,
    "p50": 2322.694614,
    "p75": 2727.5861487499997,
    "p90": 3225.9492858999993,
    "p95": 3881.944727949998,
    "p99": 4406.74108159,
    "min": 1848.8671359999998,
    "max": 4537.94017,
    "std": 746.8150378236159,
    "count": 10,
    "sum": 25702.31666
  },
  "http_req_dns_lookup": {
    "unit": "ms",
    "avg": 0.1276971,
    "p1": 0.0,