{
  "schema_version": "1.3",
  "aiperf_version": "0.11.0",
  "benchmark_id": "2b69ebb1ab66",
  "request_throughput": {
    "unit": "requests/sec",
    "avg": 0.05852694165442142
  },
  "request_latency": {
    "unit": "ms",
    "avg": 17057.7998974,
    "p1": 14920.112914889998,
    "p5": 15086.92572645,
    "p10": 15295.4417409,
    "p25": 15748.48490975,
    "p50": 17014.442464,
    "p75": 18169.862017249998,
    "p90": 19043.2585069,
    "p95": 19314.81485395,
    "p99": 19532.05993159,
    "min": 14878.409711999999,
    "max": 19586.371200999998,
    "std": 1506.6475359194797,
    "count": 10,
    "sum": 170577.998974
  },
  "request_count": {
    "unit": "requests",
    "avg": 10.0
  },
  "time_to_first_token": {
    "unit": "ms",
    "avg": 75.783416,
    "p1": 69.73552656999999,
    "p5": 70.02873684999999,
    "p10": 70.3952497,
    "p25": 70.6762265,
    "p50": 71.45210349999999,
    "p75": 75.09042825,
    "p90": 86.97603069999998,
    "p95": 92.73573685,
    "p99": 97.34350176999999,
    "min": 69.662224,
    "max": 98.495443,
    "std": 8.795436369713045,
    "count": 10,
    "sum": 757.83416
  },
  "time_to_second_token": {
    "unit": "ms",
    "avg": 9.576215099999999,
    "p1": 9.254814029999999,
    "p5": 9.31175415,
    "p10": 9.3829293,
    "p25": 9.53913975,
    "p50": 9.6110205,
    "p75": 9.656996,
    "p90": 9.7476674,
    "p95": 9.750445699999998,
    "p99": 9.75266834,
    "min": 9.240579,
    "max": 9.753224,
    "std": 0.14906698499563878,
    "count": 10,
    "sum": 95.76215099999999
  },
  "inter_token_latency": {
    "unit": "ms",
    "avg": 9.63155084398004,
    "p1": 9.622846765051198,
    "p5": 9.623239657644152,
    "p10": 9.623730773385343,
    "p25": 9.627116176336807,
    "p50": 9.632701971868538,
    "p75": 9.636141979274303,
    "p90": 9.63755680996936,
    "p95": 9.638169268164816,
    "p99": 9.638659234721183,
    "min": 9.622748541902961,
    "max": 9.638781726360275,
    "std": 0.005459181591034244,
    "count": 10,
    "sum": 96.31550843980041
  },
  "output_token_throughput": {
    "unit": "tokens/sec",
    "avg": 103.24737777256483
  },
  "output_token_throughput_per_user": {
    "unit": "tokens/sec/user",
    "avg": 103.82547291946938,
    "p1": 103.748869763014,
    "p5": 103.75414428945615,
    "p10": 103.76073744750883,
    "p25": 103.77597245645254,
    "p50": 103.8130341436405,
    "p75": 103.87326809265463,
    "p90": 103.90980636356413,
    "p95": 103.91510954306372,
    "p99": 103.91935208666338,
    "min": 103.74755113140347,
    "max": 103.9204127225633,
    "std": 0.058859403548214305,
    "count": 10,
    "sum": 1038.2547291946937
  },
  "output_sequence_length": {
    "unit": "tokens",
    "avg": 1764.1,
    "p1": 1542.5,
    "p5": 1560.5,
    "p10": 1583.0,
    "p25": 1630.0,
    "p50": 1760.0,
    "p75": 1876.75,
    "p90": 1968.4,
    "p95": 1997.1999999999998,
    "p99": 2020.24,
    "min": 1538.0,
    "max": 2026.0,
    "std": 155.2169127382709,
    "count": 10,
    "sum": 17641.0
  },
  "input_sequence_length": {
    "unit": "tokens",
    "avg": 550.0,
    "p1": 550.0,
    "p5": 550.0,
    "p10": 550.0,
    "p25": 550.0,
    "p50": 550.0,
    "p75": 550.0,
    "p90": 550.0,
    "p95": 550.0,
    "p99": 550.0,
    "min": 550.0,
    "max": 550.0,
    "std": 0.0,
    "count": 10,
    "sum": 5500.0
  },
  "output_token_count": {
    "unit": "tokens",
    "avg": 881.2,
    "p1": 694.3,
    "p5": 719.5,
    "p10": 751.0,
    "p25": 772.0,
    "p50": 854.0,
    "p75": 969.25,
    "p90": 1091.3,
    "p95": 1110.6499999999999,
    "p99": 1126.13,
    "min": 688.0,
    "max": 1130.0,
    "std": 139.08975519426295,
    "count": 10,
    "sum": 8812.0
  },
  "reasoning_token_count": {
    "unit": "tokens",
    "avg": 882.9,
    "p1": 639.71,
    "p5": 682.55,
    "p10": 736.1,
    "p25": 766.75,
    "p50": 856.0,
    "p75": 1025.25,
    "p90": 1079.4,
    "p95": 1108.1999999999998,
    "p99": 1131.24,
    "min": 629.0,
    "max": 1137.0,
    "std": 156.4573104715788,
    "count": 10,
    "sum": 8829.0
  },
  "inter_chunk_latency": {
    "unit": "ms",
    "avg": 9.630269071906543,
    "p1": 8.631029083649123,
    "p5": 9.365311162103552,
    "p10": 9.460786706114943,
    "p25": 9.547399382178968,
    "p50": 9.622904764705881,
    "p75": 9.694565602348339,
    "p90": 9.787668983318804,
    "p95": 9.910960654785374,
    "p99": 10.772099735510203,
    "min": 4.2842579999999995,
    "max": 19.263274,
    "std": 0.48724765545374754,
    "count": 17634,
    "sum": 169820.164814
  },
  "total_output_tokens": {
    "unit": "tokens",
    "avg": 8812.0
  },
  "total_reasoning_tokens": {
    "unit": "tokens",
    "avg": 8829.0
  },
  "benchmark_duration": {
    "unit": "sec",
    "avg": 170.86148220500002
  },
  "total_isl": {
    "unit": "tokens",
    "avg": 5500.0
  },
  "total_osl": {
    "unit": "tokens",
    "avg": 17641.0
  },
  "telemetry_data": {
    "summary": {
      "endpoints_configured": [],
      "endpoints_successful": [],
      "start_time": "2026-07-18T23:59:04.657414",
      "end_time": "2026-07-19T00:01:57.553318"
    },
    "endpoints": {},
    "error_summary": []
  },
  "input_config": {
    "models": {
      "items": [
        {
          "name": "gemma-26B"
        }
      ]
    },
    "endpoint": {
      "urls": [
        "http://localhost:8000"
      ],
      "type": "chat",
      "streaming": true
    },
    "datasets": [
      {
        "name": "main",
        "type": "synthetic",
        "entries": 10,
        "prompts": {
          "isl": {
            "mean": 550.0
          }
        }
      }
    ],
    "phases": [
      {
        "name": "profiling",
        "type": "concurrency",
        "requests": 10,
        "concurrency": 1
      }
    ],
    "artifacts": {
      "dir": "/home/shadeform/test/artifacts/gemma-26B-openai-chat-concurrency1",
      "records": [
        "jsonl"
      ],
      "auto_plot": false,
      "plot_required": false
    },
    "tokenizer": {
      "name": "nvidia/Gemma-4-26B-A4B-NVFP4"
    },
    "gpu_telemetry": {
      "enabled": true
    },
    "server_metrics": {
      "enabled": true,
      "urls": [],
      "formats": [
        "json",
        "csv"
      ]
    },
    "network_latency": {
      "enabled": false
    },
    "otel": {},
    "mlflow": {},
    "wandb": {}
  },
  "run_info": {
    "benchmark_id": "2b69ebb1ab66",
    "trial": 0,
    "cli_command": "aiperf profile --model 'gemma-26B' --tokenizer 'nvidia/Gemma-4-26B-A4B-NVFP4' --streaming --endpoint-type 'chat' --url 'http://localhost:8000' --request-count 10 --concurrency 1 --concurrency-min 1"
  },
  "was_cancelled": false,
  "error_summary": [],
  "start_time": "2026-07-18T23:59:04.657414",
  "end_time": "2026-07-19T00:01:55.544780",
  "http_req_blocked": {
    "unit": "ms",
    "avg": 0.0,
    "p1": 0.0,
    "p5": 0.0,
    "p10": 0.0,
    "p25": 0.0,
    "p50": 0.0,
    "p75": 0.0,
    "p90": 0.0,
    "p95": 0.0,
    "p99": 0.0,
    "min": 0.0,
    "max": 0.0,
    "std": 0.0,
    "count": 10,
    "sum": 0.0
  },
  "http_req_data_received": {
    "unit": "KB",
    "avg": 417.85771484375,
    "p1": 365.92029296875,
    "p5": 370.02724609375,
    "p10": 375.1609375,
    "p25": 385.9931640625,
    "p50": 416.330078125,
    "p75": 445.06494140625,
    "p90": 466.21826171875,
    "p95": 472.763916015625,
    "p99": 478.000439453125,
    "min": 364.8935546875,
    "max": 479.3095703125,
    "std": 36.65159978107254,
    "count": 10,
    "sum": 4178.5771484375
  },
  "http_req_chunks_received": {
    "unit": "count",
    "avg": 1766.4,
    "p1": 1546.32,
    "p5": 1563.6,
    "p10": 1585.2,
    "p25": 1632.0,
    "p50": 1762.0,
    "p75": 1879.5,
    "p90": 1970.4,
    "p95": 1999.1999999999998,
    "p99": 2022.24,
    "min": 1542.0,
    "max": 2028.0,
    "std": 155.0104512605521,
    "count": 10,
    "sum": 17664.0
  },
  "time_to_first_output_token": {
    "unit": "ms",
    "avg": 8555.5564061,
    "p1": 6214.09276272,
    "p5": 6622.4626896,
    "p10": 7132.925098199999,