model,engine,concurrency,request_count,output_token_throughput,e2e_output_token_throughput,output_token_throughput_per_user,time_to_first_token_ms,request_latency_ms,aiperf_version
Gemma 4,vLLM,1,10,103.40786419793531,103.58353425731653,104.05492530365514,77.4851014,15044.144051,0.11.0
Gemma 4,vLLM,5,10,103.63992400163788,34.94259119729005,104.0581371857578,54720.5650673,72384.1188008,0.11.0
Gemma 4,Dynamo,1,10,101.11025996604039,101.28606763809094,103.52231911063409,378.20077639999994,17138.154728899997,0.11.0
Gemma 4,Dynamo,5,10,103.13931148984965,34.21942508253399,103.51888266621533,47617.724835199995,64213.1508061,0.11.0
DiffusionGemma,vLLM,1,10,430.0543648457393,421.7517884311152,580.9523490079481,666.0157857,3186.2398683,0.11.0
DiffusionGemma,vLLM,5,10,457.65183445082266,142.55477919666214,603.4888548983283,9301.0165181,11532.407541499999,0.11.0
DiffusionGemma,Dynamo,1,10,138.81228931929246,133.32786200857325,214.93333955237227,2755.6425206,8373.7704556,0.11.0
DiffusionGemma,Dynamo,5,10,153.87039117482996,47.532281248095124,213.250692321254,22708.7256219,27828.521274799998,0.11.0
