{
  "schema_version": "1.3",
  "aiperf_version": "0.11.0",
  "benchmark_id": "b13ac76d2262",
  "request_throughput": {
    "unit": "requests/sec",
    "avg": 0.0563873362359292
  },
  "request_latency": {
    "unit": "ms",
    "avg": 72384.1188008,
    "p1": 14993.29137634,
    "p5": 20856.6311137,
    "p10": 28185.8057854,
    "p25": 52552.8260865,
    "p50": 88403.2125905,
    "p75": 95111.001433,
    "p90": 99024.65157889998,
    "p95": 99992.13207544999,
    "p99": 100766.11647269,
    "min": 13527.456441999999,
    "max": 100959.612572,
    "std": 30067.63455145207,
    "count": 10,
    "sum": 723841.1880079999
  },
  "request_count": {
    "unit": "requests",
    "avg": 10.0
  },
  "time_to_first_token": {
    "unit": "ms",
    "avg": 54720.5650673,
    "p1": 1299.87958055,
    "p5": 6165.51437075,
    "p10": 12247.5578585,
    "p25": 34477.10714725,
    "p50": 67183.656151,
    "p75": 78077.63910849999,
    "p90": 80930.6737533,
    "p95": 82835.42809364999,
    "p99": 84359.23156593001,
    "min": 83.470883,
    "max": 84740.182434,
    "std": 28791.09528562348,
    "count": 10,
    "sum": 547205.650673
  },
  "time_to_second_token": {
    "unit": "ms",
    "avg": 9.2713833,
    "p1": 7.79211108,
    "p5": 8.4107394,
    "p10": 9.1840248,
    "p25": 9.40625575,
    "p50": 9.453693,
    "p75": 9.48329175,
    "p90": 9.5126623,
    "p95": 9.51914815,
    "p99": 9.52433683,
    "min": 7.637454,
    "max": 9.525634,
    "std": 0.5468435492030697,
    "count": 10,
    "sum": 92.713833
  },
  "inter_token_latency": {
    "unit": "ms",
    "avg": 9.61004931410409,
    "p1": 9.595586854178615,
    "p5": 9.595747348226409,
    "p10": 9.595947965786152,
    "p25": 9.599200802871128,
    "p50": 9.60708355226061,
    "p75": 9.608417047972432,
    "p90": 9.616904357475322,
    "p95": 9.640532873414696,
    "p99": 9.659435686166193,
    "min": 9.595546730666667,
    "max": 9.664161389354067,
    "std": 0.01884825261696606,
    "count": 10,
    "sum": 96.10049314104089
  },
  "output_token_throughput": {
    "unit": "tokens/sec",
    "avg": 103.63992400163788
  },
  "output_token_throughput_per_user": {
    "unit": "tokens/sec/user",
    "avg": 104.0581371857578,
    "p1": 103.52596812104905,
    "p5": 103.72946799698607,
    "p10": 103.98384284190736,
    "p25": 104.07541593115175,
    "p50": 104.0898626190916,
    "p75": 104.17535300620673,
    "p90": 104.21065263793767,
    "p95": 104.21283139755248,
    "p99": 104.2145744052443,
    "min": 103.47509315206479,
    "max": 104.21501015716727,
    "std": 0.20319629794724656,
    "count": 10,
    "sum": 1040.581371857578
  },
  "output_sequence_length": {
    "unit": "tokens",
    "avg": 1838.0,
    "p1": 1407.85,
    "p5": 1431.25,
    "p10": 1460.5,
    "p25": 1548.0,
    "p50": 1735.0,
    "p75": 1806.25,
    "p90": 2048.9999999999995,
    "p95": 2696.999999999998,
    "p99": 3215.4,
    "min": 1402.0,
    "max": 3345.0,
    "std": 525.8033853067133,
    "count": 10,
    "sum": 18380.0
  },
  "input_sequence_length": {
    "unit": "tokens",
    "avg": 550.0,
    "p1": 550.0,
    "p5": 550.0,
    "p10": 550.0,
    "p25": 550.0,
    "p50": 550.0,
    "p75": 550.0,
    "p90": 550.0,
    "p95": 550.0,
    "p99": 550.0,
    "min": 550.0,
    "max": 550.0,
    "std": 0.0,
    "count": 10,
    "sum": 5500.0
  },
  "output_token_count": {
    "unit": "tokens",
    "avg": 788.3,
    "p1": 497.34,
    "p5": 542.7,
    "p10": 599.4,
    "p25": 733.0,
    "p50": 825.0,
    "p75": 876.75,
    "p90": 907.6,
    "p95": 941.8,
    "p99": 969.16,
    "min": 486.0,
    "max": 976.0,
    "std": 139.31191621681185,
    "count": 10,
    "sum": 7883.0
  },
  "reasoning_token_count": {
    "unit": "tokens",
    "avg": 1049.7,
    "p1": 657.42,
    "p5": 671.1,
    "p10": 688.2,
    "p25": 729.75,
    "p50": 845.0,
    "p75": 946.25,
    "p90": 1365.8999999999994,
    "p95": 2112.449999999998,
    "p99": 2709.69,
    "min": 654.0,
    "max": 2859.0,
    "std": 621.6069578117671,
    "count": 10,
    "sum": 10497.0
  },
  "inter_chunk_latency": {
    "unit": "ms",
    "avg": 9.615434803211757,
    "p1": 8.498886914285713,
    "p5": 9.325284572689075,
    "p10": 9.441194476555612,
    "p25": 9.526810314821763,
    "p50": 9.604738910289115,
    "p75": 9.686916680191347,
    "p90": 9.78740236757929,
    "p95": 9.931500275011853,
    "p99": 10.915192335537181,
    "min": 3.60052,
    "max": 19.405037,
    "std": 0.49731592325389795,
    "count": 18370,
    "sum": 176635.537335
  },
  "total_output_tokens": {
    "unit": "tokens",
    "avg": 7883.0
  },
  "total_reasoning_tokens": {
    "unit": "tokens",
    "avg": 10497.0
  },
  "benchmark_duration": {
    "unit": "sec",
    "avg": 177.34478461900002
  },
  "total_isl": {
    "unit": "tokens",
    "avg": 5500.0
  },
  "total_osl": {
    "unit": "tokens",
    "avg": 18380.0
  },
  "telemetry_data": {
    "summary": {
      "endpoints_configured": [],
      "endpoints_successful": [],
      "start_time": "2026-07-19T19:23:30.643079",
      "end_time": "2026-07-19T19:26:30.022514"
    },
    "endpoints": {},
    "error_summary": []
  },
  "input_config": {
    "models": {
      "items": [
        {
          "name": "gemma-26B"
        }
      ]
    },
    "endpoint": {
      "urls": [
        "http://localhost:8000"
      ],
      "type": "chat",
      "api_key": "<redacted>",
      "streaming": true,
      "extra": {
        "chat_template_kwargs": {
          "enable_thinking": true
        }
      }
    },
    "datasets": [
      {
        "name": "main",
        "type": "synthetic",
        "entries": 10,
        "random_seed": 42,
        "prompts": {
          "isl": {
            "mean": 550.0
          }
        }
      }
    ],
    "phases": [
      {
        "name": "profiling",
        "type": "concurrency",
        "requests": 10,
        "concurrency": 5
      }
    ],
    "artifacts": {
      "dir": "/home/shadeform/NVIDIA-Brev-L40S-vLLM-DiffusionGemma/benchmarking/artifacts/vllm/gemma/conc5",
      "records": [
        "jsonl"
      ],
      "auto_plot": false,
      "plot_required": false
    },
    "tokenizer": {
      "name": "nvidia/Gemma-4-26B-A4B-NVFP4"
    },
    "gpu_telemetry": {
      "enabled": true
    },
    "server_metrics": {
      "enabled": true,
      "urls": [],
      "formats": [
        "json",
        "csv"
      ]
    },
    "network_latency": {
      "enabled": false
    },
    "otel": {},
    "mlflow": {},
    "wandb": {},
    "runtime": {
      "ui": "none"
    }
  },
  "run_info": {
    "benchmark_id": "b13ac76d2262",
    "random_seed": 42,
    "trial": 0,
    "cli_command": "aiperf profile --model 'gemma-26B' --tokenizer 'nvidia/Gemma-4-26B-A4B-NVFP4' --streaming --endpoint-type 'chat' --extra-inputs '{\"chat_template_kwargs\":{\"enable_thinking\":true}}' --url 'http://localhost:8000' --request-count 10 --random-seed 42 --concurrency 5 --concurrency-min 5 --artifact-dir '/home/shadeform/NVIDIA-Brev-L40S-vLLM-DiffusionGemma/benchmarking/artifacts/vllm/gemma/conc5' --ui None --api-key '<redacted>'"
  },
  "was_cancelled": false,
  "error_summary": [],
  "start_time": "2026-07-19T19:23:30.643079",
  "end_time": "2026-07-19T19:26:28.014428",
  "http_req_data_sent": {
    "unit": "KB",
    "avg": 2.5068359375,
    "p1": 2.278583984375,
    "p5": 2.279638671875,
    "p10": 2.28095703125,
    "p25": 2.47216796875,
    "p50": 2.51806640625,
    "p75": 2.608642578125,
    "p90": 2.65849609375,
    "p95": 2.672998046875,
    "p99": 2.684599609375,
    "min": 2.2783203125,
    "max": 2.6875,
    "std": 0.1329280574944142,
    "count": 10,
    "sum": 25.068359375
  },
  "http_req_sending": {
    "unit": "ms",
    "avg": 1.3909637,
    "p1": 0.23946279999999998,
    "p5": 0.258262,
    "p10": 0.281761,
    "p25": 0.30950174999999996,
    "p50": 1.3173664999999999,
    "p75": 2.486039,
    "p90": 2.5473809,
    "p95": 2.5950624499999995,
    "p99": 2.63320769,
    "min": 0.234763,
    "max": 2.642744,
    "std": 1.1010135732730137,
    "count": 10,