{
  "schema_version": "1.3",
  "aiperf_version": "0.11.0",
  "benchmark_id": "555335b4e6be",
  "request_throughput": {
    "unit": "requests/sec",
    "avg": 0.05824994813114437
  },
  "request_latency": {
    "unit": "ms",
    "avg": 17138.154728899997,
    "p1": 13732.86687093,
    "p5": 14127.88701465,
    "p10": 14621.6621943,
    "p25": 14845.48880675,
    "p50": 16972.989082,
    "p75": 18794.2168125,
    "p90": 20115.925936899996,
    "p95": 21070.550680449996,
    "p99": 21834.25047529,
    "min": 13634.111835,
    "max": 22025.175423999997,
    "std": 2541.669237535927,
    "count": 10,
    "sum": 171381.54728899998
  },
  "request_count": {
    "unit": "requests",
    "avg": 10.0
  },
  "time_to_first_token": {
    "unit": "ms",
    "avg": 378.20077639999994,
    "p1": 295.70824529000004,
    "p5": 300.13933445,
    "p10": 305.67819589999993,
    "p25": 317.5340705,
    "p50": 326.9284545,
    "p75": 351.88058874999996,
    "p90": 407.18045789999985,
    "p95": 619.9257919499994,
    "p99": 790.1220591900001,
    "min": 294.60047299999997,
    "max": 832.671126,
    "std": 152.72162038198272,
    "count": 10,
    "sum": 3782.007764
  },
  "time_to_second_token": {
    "unit": "ms",
    "avg": 9.6080899,
    "p1": 9.43260457,
    "p5": 9.45253885,
    "p10": 9.4774567,
    "p25": 9.5102425,
    "p50": 9.5769565,
    "p75": 9.69338875,
    "p90": 9.795946800000001,
    "p95": 9.8318919,
    "p99": 9.86064798,
    "min": 9.427621,
    "max": 9.867837,
    "std": 0.13505314097824606,
    "count": 10,
    "sum": 96.080899
  },
  "inter_token_latency": {
    "unit": "ms",
    "avg": 9.65976225604322,
    "p1": 9.644541246792185,
    "p5": 9.648210306582572,
    "p10": 9.652796631320552,
    "p25": 9.65667871009059,
    "p50": 9.658613281660255,
    "p75": 9.660895585603452,
    "p90": 9.666427992759159,
    "p95": 9.675147427598874,
    "p99": 9.682122975470646,
    "min": 9.64362398184459,
    "max": 9.683866862438588,
    "std": 0.00962039925862201,
    "count": 10,
    "sum": 96.59762256043219
  },
  "output_token_throughput": {
    "unit": "tokens/sec",
    "avg": 101.11025996604039
  },
  "output_token_throughput_per_user": {
    "unit": "tokens/sec/user",
    "avg": 103.52231911063409,
    "p1": 103.28316745080005,
    "p5": 103.35770078632058,
    "p10": 103.45086745572122,
    "p25": 103.51007251734435,
    "p50": 103.53453290609278,
    "p75": 103.55527299048282,
    "p90": 103.59693036237992,
    "p95": 103.64619389202696,
    "p99": 103.68560471574459,
    "min": 103.26453411691992,
    "max": 103.69545742167399,
    "std": 0.10298992894252025,
    "count": 10,
    "sum": 1035.223191106341
  },
  "output_sequence_length": {
    "unit": "tokens",
    "avg": 1735.8,
    "p1": 1388.62,
    "p5": 1431.1,
    "p10": 1484.2,
    "p25": 1506.25,
    "p50": 1722.5,
    "p75": 1875.25,
    "p90": 2048.2999999999997,
    "p95": 2144.1499999999996,
    "p99": 2220.83,
    "min": 1378.0,
    "max": 2240.0,
    "std": 257.8169117804338,
    "count": 10,
    "sum": 17358.0
  },
  "input_sequence_length": {
    "unit": "tokens",
    "avg": 550.0,
    "p1": 550.0,
    "p5": 550.0,
    "p10": 550.0,
    "p25": 550.0,
    "p50": 550.0,
    "p75": 550.0,
    "p90": 550.0,
    "p95": 550.0,
    "p99": 550.0,
    "min": 550.0,
    "max": 550.0,
    "std": 0.0,
    "count": 10,
    "sum": 5500.0
  },
  "output_token_count": {
    "unit": "tokens",
    "avg": 888.4,
    "p1": 671.11,
    "p5": 699.55,
    "p10": 735.1,
    "p25": 791.0,
    "p50": 825.5,
    "p75": 928.75,
    "p90": 1107.1,
    "p95": 1202.0499999999997,
    "p99": 1278.01,
    "min": 664.0,
    "max": 1297.0,
    "std": 174.5188814999684,
    "count": 10,
    "sum": 8884.0
  },
  "reasoning_token_count": {
    "unit": "tokens",
    "avg": 847.4,
    "p1": 636.53,
    "p5": 642.65,
    "p10": 650.3,
    "p25": 709.75,
    "p50": 858.5,
    "p75": 942.5,
    "p90": 986.4999999999999,
    "p95": 1092.2499999999998,
    "p99": 1176.8500000000001,
    "min": 635.0,
    "max": 1198.0,
    "std": 166.0079516167825,
    "count": 10,
    "sum": 8474.0
  },
  "inter_chunk_latency": {
    "unit": "ms",
    "avg": 9.662143406260808,
    "p1": 8.879621601071428,
    "p5": 9.26892295031126,
    "p10": 9.381776832530864,
    "p25": 9.51899844038831,
    "p50": 9.647777177289194,
    "p75": 9.779660501649174,
    "p90": 9.93869627810909,
    "p95": 10.081722410857145,
    "p99": 10.485912281400001,
    "min": 0.0,
    "max": 31.292655,
    "std": 0.4610835248023353,
    "count": 17346,
    "sum": 167599.539525
  },
  "total_output_tokens": {
    "unit": "tokens",
    "avg": 8884.0
  },
  "total_reasoning_tokens": {
    "unit": "tokens",
    "avg": 8474.0
  },
  "benchmark_duration": {
    "unit": "sec",
    "avg": 171.67397261000002
  },
  "total_isl": {
    "unit": "tokens",
    "avg": 5500.0
  },
  "total_osl": {
    "unit": "tokens",
    "avg": 17358.0
  },
  "telemetry_data": {
    "summary": {
      "endpoints_configured": [],
      "endpoints_successful": [],
      "start_time": "2026-07-19T19:29:17.005038",
      "end_time": "2026-07-19T19:32:10.719304"
    },
    "endpoints": {},
    "error_summary": []
  },
  "input_config": {
    "models": {
      "items": [
        {
          "name": "gemma-26B"
        }
      ]
    },
    "endpoint": {
      "urls": [
        "http://localhost:8000"
      ],
      "type": "chat",
      "api_key": "<redacted>",
      "streaming": true,
      "extra": {
        "chat_template_kwargs": {
          "enable_thinking": true
        }
      }
    },
    "datasets": [
      {
        "name": "main",
        "type": "synthetic",
        "entries": 10,
        "random_seed": 42,
        "prompts": {
          "isl": {
            "mean": 550.0
          }
        }
      }
    ],
    "phases": [
      {
        "name": "profiling",
        "type": "concurrency",
        "requests": 10,
        "concurrency": 1
      }
    ],
    "artifacts": {
      "dir": "/home/shadeform/NVIDIA-Brev-L40S-vLLM-DiffusionGemma/benchmarking/artifacts/dynamo/gemma/conc1",
      "records": [
        "jsonl"
      ],
      "auto_plot": false,
      "plot_required": false
    },
    "tokenizer": {
      "name": "nvidia/Gemma-4-26B-A4B-NVFP4"
    },
    "gpu_telemetry": {
      "enabled": true
    },
    "server_metrics": {
      "enabled": true,
      "urls": [],
      "formats": [
        "json",
        "csv"
      ]
    },
    "network_latency": {
      "enabled": false
    },
    "otel": {},
    "mlflow": {},
    "wandb": {},
    "runtime": {
      "ui": "none"
    }
  },
  "run_info": {
    "benchmark_id": "555335b4e6be",
    "random_seed": 42,
    "trial": 0,
    "cli_command": "aiperf profile --model 'gemma-26B' --tokenizer 'nvidia/Gemma-4-26B-A4B-NVFP4' --streaming --endpoint-type 'chat' --extra-inputs '{\"chat_template_kwargs\":{\"enable_thinking\":true}}' --url 'http://localhost:8000' --request-count 10 --random-seed 42 --concurrency 1 --concurrency-min 1 --artifact-dir '/home/shadeform/NVIDIA-Brev-L40S-vLLM-DiffusionGemma/benchmarking/artifacts/dynamo/gemma/conc1' --ui None --api-key '<redacted>'"
  },
  "was_cancelled": false,
  "error_summary": [],
  "start_time": "2026-07-19T19:29:17.005038",
  "end_time": "2026-07-19T19:32:08.711339",
  "http_req_blocked": {
    "unit": "ms",
    "avg": 0.0,
    "p1": 0.0,
    "p5": 0.0,
    "p10": 0.0,
    "p25": 0.0,
    "p50": 0.0,
    "p75": 0.0,
    "p90": 0.0,
    "p95": 0.0,
    "p99": 0.0,
    "min": 0.0,
    "max": 0.0,
    "std": 0.0,
    "count": 10,
    "sum": 0.0
  },
  "http_req_connecting": {
    "unit": "ms",
    "avg": 0.2024737,
    "p1": 0.0,
    "p5": 0.0,
    "p10": 0.0,
    "p25": 0.0,
    "p50": 0.0,
    "p75": 0.0,
    "p90": 0.20247369999999928,
    "p95": 1.1136053499999976,
    "p99": 1.8425106700000002,
    "min": 0.0,
    "max": 2.024737,
    "std": 0.6074210999999999,
    "count": 10,
    "sum": 2.024737
  },
  "http_req_dns_lookup": {
    "unit": "ms",
    "avg": 0.1409652,
    "p1": 0.0,
    "p5": 0.0,