{
  "schema_version": "1.3",
  "aiperf_version": "0.11.0",
  "benchmark_id": "9f87e7cad198",
  "request_throughput": {
    "unit": "requests/sec",
    "avg": 0.14558651828444502
  },
  "request_latency": {
    "unit": "ms",
    "avg": 27828.521274799998,
    "p1": 8819.718091559998,
    "p5": 11549.749933799998,
    "p10": 14962.2897366,
    "p25": 24293.304426749997,
    "p50": 31936.1421085,
    "p75": 33352.2952575,
    "p90": 35475.46393219999,
    "p95": 36084.8011211,
    "p99": 36572.27087222,
    "min": 8137.210131,
    "max": 36694.138309999995,
    "std": 8908.391011567845,
    "count": 10,
    "sum": 278285.212748
  },
  "request_count": {
    "unit": "requests",
    "avg": 10.0
  },
  "time_to_first_token": {
    "unit": "ms",
    "avg": 22708.7256219,
    "p1": 3012.9084186699997,
    "p5": 5727.89621335,
    "p10": 9121.6309567,
    "p25": 19025.76988275,
    "p50": 26730.373639499998,
    "p75": 29013.095538499998,
    "p90": 30440.881733,
    "p95": 31161.651075499998,
    "p99": 31738.2665495,
    "min": 2334.16147,
    "max": 31882.420417999998,
    "std": 9288.68858891713,
    "count": 10,
    "sum": 227087.256219
  },
  "time_to_second_token": {
    "unit": "ms",
    "avg": 1521.5914619999999,
    "p1": 1211.5578593699997,
    "p5": 1220.1554848499998,
    "p10": 1230.9025167,
    "p25": 1589.9573635,
    "p50": 1594.297405,
    "p75": 1599.7343575,
    "p90": 1601.4648410999998,
    "p95": 1604.0365375499998,
    "p99": 1606.0938947099999,
    "min": 1209.408453,
    "max": 1606.608234,
    "std": 150.2954630048131,
    "count": 10,
    "sum": 15215.91462
  },
  "inter_token_latency": {
    "unit": "ms",
    "avg": 4.755485812052288,
    "p1": 3.5758569047015314,
    "p5": 3.8363781638585337,
    "p10": 4.1620297378047875,
    "p25": 4.685588172045996,
    "p50": 4.8679140791253,
    "p75": 4.99976408646864,
    "p90": 5.350231967740905,
    "p95": 5.358332067275439,
    "p99": 5.364812146903067,
    "min": 3.510726589912281,
    "max": 5.366432166809974,
    "std": 0.5192323203432557,
    "count": 10,
    "sum": 47.55485812052288
  },
  "output_token_throughput": {
    "unit": "tokens/sec",
    "avg": 153.87039117482996
  },
  "output_token_throughput_per_user": {
    "unit": "tokens/sec/user",
    "avg": 213.250692321254,
    "p1": 186.3999888833047,
    "p5": 186.62575991849002,
    "p10": 186.9079737124717,
    "p25": 200.01698392796055,
    "p50": 205.47829405897085,
    "p75": 213.42444428431645,
    "p90": 241.02916561742242,
    "p95": 262.9352433741621,
    "p99": 280.4601055795539,
    "min": 186.34354612450838,
    "max": 284.84132113090186,
    "std": 27.435262274104897,
    "count": 10,
    "sum": 2132.50692321254
  },
  "output_sequence_length": {
    "unit": "tokens",
    "avg": 1056.9,
    "p1": 477.25,
    "p5": 558.25,
    "p10": 659.5,
    "p25": 982.0,
    "p50": 1074.5,
    "p75": 1206.75,
    "p90": 1344.8,
    "p95": 1456.3999999999996,
    "p99": 1545.68,
    "min": 457.0,
    "max": 1568.0,
    "std": 296.58504682468396,
    "count": 10,
    "sum": 10569.0
  },
  "input_sequence_length": {
    "unit": "tokens",
    "avg": 550.0,
    "p1": 550.0,
    "p5": 550.0,
    "p10": 550.0,
    "p25": 550.0,
    "p50": 550.0,
    "p75": 550.0,
    "p90": 550.0,
    "p95": 550.0,
    "p99": 550.0,
    "min": 550.0,
    "max": 550.0,
    "std": 0.0,
    "count": 10,
    "sum": 5500.0
  },
  "output_token_count": {
    "unit": "tokens",
    "avg": 456.5,
    "p1": 33.68,
    "p5": 52.400000000000006,
    "p10": 75.8,
    "p25": 323.5,
    "p50": 472.0,
    "p75": 633.5,
    "p90": 696.3,
    "p95": 783.1499999999997,
    "p99": 852.63,
    "min": 29.0,
    "max": 870.0,
    "std": 250.8422811250129,
    "count": 10,
    "sum": 4565.0
  },
  "reasoning_token_count": {
    "unit": "tokens",
    "avg": 600.4,
    "p1": 378.07,
    "p5": 386.35,
    "p10": 396.7,
    "p25": 491.75,
    "p50": 590.0,
    "p75": 641.5,
    "p90": 731.5999999999999,
    "p95": 882.7999999999996,
    "p99": 1003.76,
    "min": 376.0,
    "max": 1034.0,
    "std": 176.43707093465363,
    "count": 10,
    "sum": 6004.0
  },
  "inter_chunk_latency": {
    "unit": "ms",
    "avg": 1383.728554837838,
    "p1": 344.801598,
    "p5": 571.09927925,
    "p10": 812.3703822,
    "p25": 1267.2681415,
    "p50": 1589.5863359999998,
    "p75": 1600.891832,
    "p90": 1629.4429757999999,
    "p95": 1638.66730135,
    "p99": 1642.4692009999999,
    "min": 344.801598,
    "max": 1642.4692009999999,
    "std": 330.08443439936906,
    "count": 37,
    "sum": 51197.956528999995
  },
  "total_output_tokens": {
    "unit": "tokens",
    "avg": 4565.0
  },
  "total_reasoning_tokens": {
    "unit": "tokens",
    "avg": 6004.0
  },
  "benchmark_duration": {
    "unit": "sec",
    "avg": 68.687678762
  },
  "total_isl": {
    "unit": "tokens",
    "avg": 5500.0
  },
  "total_osl": {
    "unit": "tokens",
    "avg": 10569.0
  },
  "telemetry_data": {
    "summary": {
      "endpoints_configured": [],
      "endpoints_successful": [],
      "start_time": "2026-07-19T19:44:18.037170",
      "end_time": "2026-07-19T19:45:28.735148"
    },
    "endpoints": {},
    "error_summary": []
  },
  "input_config": {
    "models": {
      "items": [
        {
          "name": "diffusiongemma-26B"
        }
      ]
    },
    "endpoint": {
      "urls": [
        "http://localhost:8000"
      ],
      "type": "chat",
      "api_key": "<redacted>",
      "streaming": true,
      "extra": {
        "chat_template_kwargs": {
          "enable_thinking": true
        }
      }
    },
    "datasets": [
      {
        "name": "main",
        "type": "synthetic",
        "entries": 10,
        "random_seed": 42,
        "prompts": {
          "isl": {
            "mean": 550.0
          }
        }
      }
    ],
    "phases": [
      {
        "name": "profiling",
        "type": "concurrency",
        "requests": 10,
        "concurrency": 5
      }
    ],
    "artifacts": {
      "dir": "/home/shadeform/NVIDIA-Brev-L40S-vLLM-DiffusionGemma/benchmarking/artifacts/dynamo/diffgemma/conc5",
      "records": [
        "jsonl"
      ],
      "auto_plot": false,
      "plot_required": false
    },
    "tokenizer": {
      "name": "nvidia/diffusiongemma-26B-A4B-it-NVFP4"
    },
    "gpu_telemetry": {
      "enabled": true
    },
    "server_metrics": {
      "enabled": true,
      "urls": [],
      "formats": [
        "json",
        "csv"
      ]
    },
    "network_latency": {
      "enabled": false
    },
    "otel": {},
    "mlflow": {},
    "wandb": {},
    "runtime": {
      "ui": "none"
    }
  },
  "run_info": {
    "benchmark_id": "9f87e7cad198",
    "random_seed": 42,
    "trial": 0,
    "cli_command": "aiperf profile --model 'diffusiongemma-26B' --tokenizer 'nvidia/diffusiongemma-26B-A4B-it-NVFP4' --streaming --endpoint-type 'chat' --extra-inputs '{\"chat_template_kwargs\":{\"enable_thinking\":true}}' --url 'http://localhost:8000' --request-count 10 --random-seed 42 --concurrency 5 --concurrency-min 5 --artifact-dir '/home/shadeform/NVIDIA-Brev-L40S-vLLM-DiffusionGemma/benchmarking/artifacts/dynamo/diffgemma/conc5' --ui None --api-key '<redacted>'"
  },
  "was_cancelled": false,
  "error_summary": [],
  "start_time": "2026-07-19T19:44:18.037170",
  "end_time": "2026-07-19T19:45:26.727641",
  "time_to_first_output_token": {
    "unit": "ms",
    "avg": 25453.6828578,
    "p1": 6161.345781859999,
    "p5": 8901.019745299998,
    "p10": 12325.6121996,
    "p25": 22086.893514749998,
    "p50": 29563.471703,
    "p75": 31898.902949,
    "p90": 32138.8591173,
    "p95": 32805.655587149995,
    "p99": 33339.09276303,
    "min": 5476.427291,
    "max": 33472.452056999995,
    "std": 8984.206216007005,
    "count": 10,
    "sum": 254536.828578
  },
  "http_req_waiting": {
    "unit": "ms",
    "avg": 22707.0633787,
    "p1": 3010.1004275299997,
    "p5": 5725.125609649999,
    "p10": 9118.907087299998,
    "p25": 19022.698399,
    "p50": 26729.951113,
    "p75": 29012.6925045,