{
  "schema_version": "1.3",
  "aiperf_version": "0.11.0",
  "benchmark_id": "d7829242782d",
  "request_throughput": {
    "unit": "requests/sec",
    "avg": 0.34000879231116093
  },
  "request_latency": {
    "unit": "ms",
    "avg": 11532.407541499999,
    "p1": 3659.62528807,
    "p5": 4426.1026283500005,
    "p10": 5384.199303699999,
    "p25": 9408.969992,
    "p50": 13608.303097,
    "p75": 14475.946474499999,
    "p90": 14570.320261399998,
    "p95": 14756.071150699998,
    "p99": 14904.67186214,
    "min": 3468.005953,
    "max": 14941.82204,
    "std": 3954.5607790832473,
    "count": 10,
    "sum": 115324.075415
  },
  "request_count": {
    "unit": "requests",
    "avg": 10.0
  },
  "time_to_first_token": {
    "unit": "ms",
    "avg": 9301.0165181,
    "p1": 1003.4985092699999,
    "p5": 2254.49948235,
    "p10": 3818.2506986999997,
    "p25": 7094.76198425,
    "p50": 11644.1023685,
    "p75": 11941.22216075,
    "p90": 12697.6936973,
    "p95": 12750.39970565,
    "p99": 12792.56451233,
    "min": 690.748266,
    "max": 12803.105714,
    "std": 3963.9583753074185,
    "count": 10,
    "sum": 93010.16518099999
  },
  "time_to_second_token": {
    "unit": "ms",
    "avg": 559.7653594999999,
    "p1": 283.45258470999994,
    "p5": 303.45181555,
    "p10": 328.4508541,
    "p25": 537.3727635,
    "p50": 569.52918,
    "p75": 670.281407,
    "p90": 722.5721874,
    "p95": 739.1650976999999,
    "p99": 752.43942594,
    "min": 278.45277699999997,
    "max": 755.758008,
    "std": 146.4830034088819,
    "count": 10,
    "sum": 5597.653595
  },
  "inter_token_latency": {
    "unit": "ms",
    "avg": 1.690920225118452,
    "p1": 1.170652534219034,
    "p5": 1.35070198477938,
    "p10": 1.5757637979798125,
    "p25": 1.6483352085130791,
    "p50": 1.7507312559544062,
    "p75": 1.8281446611761138,
    "p90": 1.8495211020015503,
    "p95": 1.8505131133341084,
    "p99": 1.851306722400155,
    "min": 1.1256401715789475,
    "max": 1.8515051246666665,
    "std": 0.20794592189656158,
    "count": 10,
    "sum": 16.90920225118452
  },
  "output_token_throughput": {
    "unit": "tokens/sec",
    "avg": 457.65183445082266
  },
  "output_token_throughput_per_user": {
    "unit": "tokens/sec/user",
    "avg": 603.4888548983283,
    "p1": 540.1590693435344,
    "p5": 540.3908483935669,
    "p10": 540.6805722061076,
    "p25": 547.0027112238301,
    "p50": 572.0979228718838,
    "p75": 606.6744033828957,
    "p90": 642.419611028485,
    "p95": 765.401486501111,
    "p99": 863.7869868792122,
    "min": 540.1011245810263,
    "max": 888.3833619737375,
    "std": 99.31806953136119,
    "count": 10,
    "sum": 6034.888548983283
  },
  "output_sequence_length": {
    "unit": "tokens",
    "avg": 1346.0,
    "p1": 783.91,
    "p5": 819.55,
    "p10": 864.1,
    "p25": 1101.25,
    "p50": 1329.0,
    "p75": 1655.25,
    "p90": 1775.8999999999999,
    "p95": 1838.4499999999998,
    "p99": 1888.49,
    "min": 775.0,
    "max": 1901.0,
    "std": 371.2074891485892,
    "count": 10,
    "sum": 13460.0
  },
  "input_sequence_length": {
    "unit": "tokens",
    "avg": 550.0,
    "p1": 550.0,
    "p5": 550.0,
    "p10": 550.0,
    "p25": 550.0,
    "p50": 550.0,
    "p75": 550.0,
    "p90": 550.0,
    "p95": 550.0,
    "p99": 550.0,
    "min": 550.0,
    "max": 550.0,
    "std": 0.0,
    "count": 10,
    "sum": 5500.0
  },
  "output_token_count": {
    "unit": "tokens",
    "avg": 652.2,
    "p1": 187.92,
    "p5": 219.6,
    "p10": 259.2,
    "p25": 536.0,
    "p50": 611.5,
    "p75": 919.5,
    "p90": 984.7,
    "p95": 996.85,
    "p99": 1006.57,
    "min": 180.0,
    "max": 1009.0,
    "std": 274.3959912243617,
    "count": 10,
    "sum": 6522.0
  },
  "reasoning_token_count": {
    "unit": "tokens",
    "avg": 693.8,
    "p1": 508.26,
    "p5": 513.3,
    "p10": 519.6,
    "p25": 589.0,
    "p50": 656.0,
    "p75": 758.5,
    "p90": 876.8,
    "p95": 983.8999999999997,
    "p99": 1069.58,
    "min": 507.0,
    "max": 1091.0,
    "std": 167.27510274993108,
    "count": 10,
    "sum": 6938.0
  },
  "inter_chunk_latency": {
    "unit": "ms",
    "avg": 464.87312987499996,
    "p1": 120.521626,
    "p5": 247.08393610000002,
    "p10": 263.8908814,
    "p25": 339.8811655,
    "p50": 464.412424,
    "p75": 553.4934744999999,
    "p90": 665.8214608000002,
    "p95": 722.5721873999997,
    "p99": 865.348345,
    "min": 120.521626,
    "max": 865.348345,
    "std": 149.2058399202182,
    "count": 48,
    "sum": 22313.910234
  },
  "total_output_tokens": {
    "unit": "tokens",
    "avg": 6522.0
  },
  "total_reasoning_tokens": {
    "unit": "tokens",
    "avg": 6938.0
  },
  "benchmark_duration": {
    "unit": "sec",
    "avg": 29.411004145000003
  },
  "total_isl": {
    "unit": "tokens",
    "avg": 5500.0
  },
  "total_osl": {
    "unit": "tokens",
    "avg": 13460.0
  },
  "telemetry_data": {
    "summary": {
      "endpoints_configured": [],
      "endpoints_successful": [],
      "start_time": "2026-07-19T19:40:17.230666",
      "end_time": "2026-07-19T19:40:48.651127"
    },
    "endpoints": {},
    "error_summary": []
  },
  "input_config": {
    "models": {
      "items": [
        {
          "name": "diffusiongemma-26B"
        }
      ]
    },
    "endpoint": {
      "urls": [
        "http://localhost:8000"
      ],
      "type": "chat",
      "api_key": "<redacted>",
      "streaming": true,
      "extra": {
        "chat_template_kwargs": {
          "enable_thinking": true
        }
      }
    },
    "datasets": [
      {
        "name": "main",
        "type": "synthetic",
        "entries": 10,
        "random_seed": 42,
        "prompts": {
          "isl": {
            "mean": 550.0
          }
        }
      }
    ],
    "phases": [
      {
        "name": "profiling",
        "type": "concurrency",
        "requests": 10,
        "concurrency": 5
      }
    ],
    "artifacts": {
      "dir": "/home/shadeform/NVIDIA-Brev-L40S-vLLM-DiffusionGemma/benchmarking/artifacts/vllm/diffgemma/conc5",
      "records": [
        "jsonl"
      ],
      "auto_plot": false,
      "plot_required": false
    },
    "tokenizer": {
      "name": "nvidia/diffusiongemma-26B-A4B-it-NVFP4"
    },
    "gpu_telemetry": {
      "enabled": true
    },
    "server_metrics": {
      "enabled": true,
      "urls": [],
      "formats": [
        "json",
        "csv"
      ]
    },
    "network_latency": {
      "enabled": false
    },
    "otel": {},
    "mlflow": {},
    "wandb": {},
    "runtime": {
      "ui": "none"
    }
  },
  "run_info": {
    "benchmark_id": "d7829242782d",
    "random_seed": 42,
    "trial": 0,
    "cli_command": "aiperf profile --model 'diffusiongemma-26B' --tokenizer 'nvidia/diffusiongemma-26B-A4B-it-NVFP4' --streaming --endpoint-type 'chat' --extra-inputs '{\"chat_template_kwargs\":{\"enable_thinking\":true}}' --url 'http://localhost:8000' --request-count 10 --random-seed 42 --concurrency 5 --concurrency-min 5 --artifact-dir '/home/shadeform/NVIDIA-Brev-L40S-vLLM-DiffusionGemma/benchmarking/artifacts/vllm/diffgemma/conc5' --ui None --api-key '<redacted>'"
  },
  "was_cancelled": false,
  "error_summary": [],
  "start_time": "2026-07-19T19:40:17.230666",
  "end_time": "2026-07-19T19:40:46.644688",
  "http_req_waiting": {
    "unit": "ms",
    "avg": 9299.313062299998,
    "p1": 1000.6981562599999,
    "p5": 2251.6782173,
    "p10": 3815.4032936,
    "p25": 7091.7658974999995,
    "p50": 11643.6470655,
    "p75": 11940.75537275,
    "p90": 12694.857175899999,
    "p95": 12748.77911845,
    "p99": 12791.916672489999,
    "min": 687.953141,
    "max": 12802.701061,
    "std": 3964.746082282183,
    "count": 10,
    "sum": 92993.13062299999
  },
  "http_req_chunks_sent": {
    "unit": "count",
    "avg": 1.0,
    "p1": 1.0,
    "p5": 1.0,
    "p10": 1.0,
    "p25": 1.0,
    "p50": 1.0,
    "p75": 1.0,
    "p90": 1.0,
    "p95": 1.0,
    "p99": 1.0,
    "min": 1.0,
    "max": 1.0,
    "std": 0.0,
    "count": 10,
    "sum": 10.0
  },