{
  "schema_version": "1.3",
  "aiperf_version": "0.11.0",
  "benchmark_id": "9e43d9d2dd76",
  "request_throughput": {
    "unit": "requests/sec",
    "avg": 0.2790948369188014
  },
  "request_latency": {
    "unit": "ms",
    "avg": 14830.5924531,
    "p1": 4928.19563972,
    "p5": 6511.6924346000005,
    "p10": 8491.0634282,
    "p25": 12563.1781215,
    "p50": 17713.1378915,
    "p75": 18068.350703,
    "p90": 18276.261614599996,
    "p95": 18312.137525299997,
    "p99": 18340.838253859998,
    "min": 4532.321441,
    "max": 18348.013435999997,
    "std": 4599.624396570928,
    "count": 10,
    "sum": 148305.924531
  },
  "request_count": {
    "unit": "requests",
    "avg": 10.0
  },
  "time_to_first_token": {
    "unit": "ms",
    "avg": 11938.9646669,
    "p1": 1055.98326207,
    "p5": 2732.6309983500005,
    "p10": 4828.440668699999,
    "p25": 10284.746354249999,
    "p50": 14077.353003499999,
    "p75": 15687.044823999999,
    "p90": 15790.8299698,
    "p95": 16030.270846899999,
    "p99": 16221.82354858,
    "min": 636.821328,
    "max": 16269.711723999999,
    "std": 4982.100531587026,
    "count": 10,
    "sum": 119389.646669
  },
  "time_to_second_token": {
    "unit": "ms",
    "avg": 494.31541919999995,
    "p1": 249.67235384,
    "p5": 284.81435719999996,
    "p10": 328.74186139999995,
    "p25": 430.40629824999996,
    "p50": 475.480827,
    "p75": 600.7518865,
    "p90": 652.0266796999999,
    "p95": 699.8836428499999,
    "p99": 738.16921337,
    "min": 240.886853,
    "max": 747.740606,
    "std": 142.42389432337401,
    "count": 10,
    "sum": 4943.154192
  },
  "inter_token_latency": {
    "unit": "ms",
    "avg": 1.789990935742683,
    "p1": 1.0478711720892548,
    "p5": 1.2561421763406437,
    "p10": 1.5164809316548795,
    "p25": 1.7255939768680681,
    "p50": 1.793067872598654,
    "p75": 1.9954503522413416,
    "p90": 2.1203965043119375,
    "p95": 2.2118457174002906,
    "p99": 2.2850050878709736,
    "min": 0.9958034210264076,
    "max": 2.303294930488644,
    "std": 0.33410837406795973,
    "count": 10,
    "sum": 17.899909357426832
  },
  "output_token_throughput": {
    "unit": "tokens/sec",
    "avg": 457.15734287299665
  },
  "output_token_throughput_per_user": {
    "unit": "tokens/sec/user",
    "avg": 585.5762512355843,
    "p1": 437.94180533491107,
    "p5": 453.06646863644966,
    "p10": 471.972297763373,
    "p25": 502.77028437562257,
    "p50": 557.720684992556,
    "p75": 579.6015573546524,
    "p90": 672.0917369629841,
    "p95": 838.1530007151141,
    "p99": 971.0020117168187,
    "min": 434.1606395095264,
    "max": 1004.2142644672447,
    "std": 150.16781849747267,
    "count": 10,
    "sum": 5855.762512355844
  },
  "output_sequence_length": {
    "unit": "tokens",
    "avg": 1638.0,
    "p1": 1207.36,
    "p5": 1208.8,
    "p10": 1210.6,
    "p25": 1270.75,
    "p50": 1479.0,
    "p75": 1979.25,
    "p90": 2150.0,
    "p95": 2266.9999999999995,
    "p99": 2360.6,
    "min": 1207.0,
    "max": 2384.0,
    "std": 406.4657427139463,
    "count": 10,
    "sum": 16380.0
  },
  "input_sequence_length": {
    "unit": "tokens",
    "avg": 550.0,
    "p1": 550.0,
    "p5": 550.0,
    "p10": 550.0,
    "p25": 550.0,
    "p50": 550.0,
    "p75": 550.0,
    "p90": 550.0,
    "p95": 550.0,
    "p99": 550.0,
    "min": 550.0,
    "max": 550.0,
    "std": 0.0,
    "count": 10,
    "sum": 5500.0
  },
  "output_token_count": {
    "unit": "tokens",
    "avg": 794.6,
    "p1": 309.13,
    "p5": 401.65,
    "p10": 517.3,
    "p25": 644.5,
    "p50": 815.0,
    "p75": 987.5,
    "p90": 1029.5,
    "p95": 1135.2499999999998,
    "p99": 1219.8500000000001,
    "min": 286.0,
    "max": 1241.0,
    "std": 261.61085604385767,
    "count": 10,
    "sum": 7946.0
  },
  "reasoning_token_count": {
    "unit": "tokens",
    "avg": 843.4,
    "p1": 513.85,
    "p5": 537.25,
    "p10": 566.5,
    "p25": 620.5,
    "p50": 675.5,
    "p75": 1107.5,
    "p90": 1189.0,
    "p95": 1283.4999999999998,
    "p99": 1359.1000000000001,
    "min": 508.0,
    "max": 1378.0,
    "std": 292.23866958361276,
    "count": 10,
    "sum": 8434.0
  },
  "inter_chunk_latency": {
    "unit": "ms",
    "avg": 498.5565148620689,
    "p1": 154.77372584,
    "p5": 191.7323192,
    "p10": 296.0477106,
    "p25": 409.83255299999996,
    "p50": 492.88249249999996,
    "p75": 603.919054,
    "p90": 720.0355982000001,
    "p95": 757.1116699999999,
    "p99": 1077.3058197600008,
    "min": 154.599222,
    "max": 1103.9487279999998,
    "std": 168.60613098684664,
    "count": 58,
    "sum": 28916.277862
  },
  "total_output_tokens": {
    "unit": "tokens",
    "avg": 7946.0
  },
  "total_reasoning_tokens": {
    "unit": "tokens",
    "avg": 8434.0
  },
  "benchmark_duration": {
    "unit": "sec",
    "avg": 35.830114632000004
  },
  "total_isl": {
    "unit": "tokens",
    "avg": 5500.0
  },
  "total_osl": {
    "unit": "tokens",
    "avg": 16380.0
  },
  "telemetry_data": {
    "summary": {
      "endpoints_configured": [],
      "endpoints_successful": [],
      "start_time": "2026-07-18T23:04:50.818351",
      "end_time": "2026-07-18T23:05:28.657424"
    },
    "endpoints": {},
    "error_summary": []
  },
  "input_config": {
    "models": {
      "items": [
        {
          "name": "diffusiongemma-26B"
        }
      ]
    },
    "endpoint": {
      "urls": [
        "http://localhost:8000"
      ],
      "type": "chat",
      "streaming": true
    },
    "datasets": [
      {
        "name": "main",
        "type": "synthetic",
        "entries": 10,
        "prompts": {
          "isl": {
            "mean": 550.0
          }
        }
      }
    ],
    "phases": [
      {
        "name": "profiling",
        "type": "concurrency",
        "requests": 10,
        "concurrency": 5
      }
    ],
    "artifacts": {
      "dir": "/home/shadeform/test/artifacts/diffusiongemma-26B-openai-chat-concurrency5",
      "records": [
        "jsonl"
      ],
      "auto_plot": false,
      "plot_required": false
    },
    "tokenizer": {
      "name": "nvidia/diffusiongemma-26B-A4B-it-NVFP4"
    },
    "gpu_telemetry": {
      "enabled": true
    },
    "server_metrics": {
      "enabled": true,
      "urls": [],
      "formats": [
        "json",
        "csv"
      ]
    },
    "network_latency": {
      "enabled": false
    },
    "otel": {},
    "mlflow": {},
    "wandb": {}
  },
  "run_info": {
    "benchmark_id": "9e43d9d2dd76",
    "trial": 0,
    "cli_command": "aiperf profile --model 'diffusiongemma-26B' --tokenizer 'nvidia/diffusiongemma-26B-A4B-it-NVFP4' --streaming --endpoint-type 'chat' --url 'http://localhost:8000' --request-count 10 --concurrency 5 --concurrency-min 5"
  },
  "was_cancelled": false,
  "error_summary": [],
  "start_time": "2026-07-18T23:04:50.818351",
  "end_time": "2026-07-18T23:05:26.651173",
  "http_req_receiving": {
    "unit": "ms",
    "avg": 2891.6599803999998,
    "p1": 1907.7727668599998,
    "p5": 1943.6970422999998,
    "p10": 1988.6023865999998,
    "p25": 2208.765695,
    "p50": 2661.67589,
    "p75": 3564.27101025,
    "p90": 3930.8950009,
    "p95": 4089.9879239499996,
    "p99": 4217.26226239,
    "min": 1898.791698,
    "max": 4249.080847,
    "std": 793.1578727159279,
    "count": 10,
    "sum": 28916.599803999998
  },
  "http_req_connecting": {
    "unit": "ms",
    "avg": 1.0172556,
    "p1": 0.0,
    "p5": 0.0,
    "p10": 0.0,
    "p25": 0.0,
    "p50": 0.92165,
    "p75": 2.0272924999999997,
    "p90": 2.1139322000000003,
    "p95": 2.1717760999999993,
    "p99": 2.21805122,
    "min": 0.0,
    "max": 2.2296199999999997,
    "std": 1.0215630439826215,
    "count": 10,
    "sum": 10.172556
  },
  "http_req_dns_lookup": {
    "unit": "ms",
    "avg": 0.6880884,
    "p1": 0.0,
    "p5": 0.0,
    "p10": 0.0,
    "p25": 0.0,
    "p50": 0.6362669999999999,
    "p75": 1.31358925,
    "p90": 1.4637167,
    "p95": 1.5081798499999999,
    "p99": 1.5437503700000001,
    "min": 0.0,
    "max": 1.552643,