{
  "schema_version": "1.3",
  "aiperf_version": "0.11.0",
  "benchmark_id": "69cb9a191016",
  "request_throughput": {
    "unit": "requests/sec",
    "avg": 0.06635940717316005
  },
  "request_latency": {
    "unit": "ms",
    "avg": 15044.144051,
    "p1": 12820.77108853,
    "p5": 13001.065142649999,
    "p10": 13226.432710299998,
    "p25": 13487.199053999999,
    "p50": 14839.3643425,
    "p75": 16545.444693999998,
    "p90": 17283.1474088,
    "p95": 17312.8745654,
    "p99": 17336.65629068,
    "min": 12775.697575,
    "max": 17342.601722,
    "std": 1706.8787256675314,
    "count": 10,
    "sum": 150441.44051
  },
  "request_count": {
    "unit": "requests",
    "avg": 10.0
  },
  "time_to_first_token": {
    "unit": "ms",
    "avg": 77.4851014,
    "p1": 69.09912051,
    "p5": 69.19122254999999,
    "p10": 69.30635009999999,
    "p25": 69.6220685,
    "p50": 71.21690699999999,
    "p75": 72.75648975,
    "p90": 80.79423359999997,
    "p95": 107.71627829999993,
    "p99": 129.25391406,
    "min": 69.076095,
    "max": 134.63832299999999,
    "std": 19.12836127072887,
    "count": 10,
    "sum": 774.851014
  },
  "time_to_second_token": {
    "unit": "ms",
    "avg": 9.6312556,
    "p1": 9.54166915,
    "p5": 9.547009749999999,
    "p10": 9.5536855,
    "p25": 9.58153025,
    "p50": 9.6365365,
    "p75": 9.668636,
    "p90": 9.710408099999999,
    "p95": 9.72346755,
    "p99": 9.733915109999998,
    "min": 9.540334,
    "max": 9.736526999999999,
    "std": 0.06173430314371419,
    "count": 10,
    "sum": 96.312556
  },
  "inter_token_latency": {
    "unit": "ms",
    "avg": 9.610320220079709,
    "p1": 9.598448081314643,
    "p5": 9.598524426922062,
    "p10": 9.598619858931336,
    "p25": 9.60135696759983,
    "p50": 9.60827980434845,
    "p75": 9.616007477834936,
    "p90": 9.623182815322767,
    "p95": 9.627383239823072,
    "p99": 9.630743579423314,
    "min": 9.59842899491279,
    "max": 9.631583664323374,
    "std": 0.01032130512911206,
    "count": 10,
    "sum": 96.10320220079709
  },
  "output_token_throughput": {
    "unit": "tokens/sec",
    "avg": 103.40786419793531
  },
  "output_token_throughput_per_user": {
    "unit": "tokens/sec/user",
    "avg": 104.05492530365514,
    "p1": 103.83415036955745,
    "p5": 103.87040878826377,
    "p10": 103.9157318116467,
    "p25": 103.99326876200935,
    "p50": 104.0769048822741,
    "p75": 104.15195505110424,
    "p90": 104.1816443135262,
    "p95": 104.18268013320927,
    "p99": 104.18350878895573,
    "min": 103.82508576488087,
    "max": 104.18371595289234,
    "std": 0.11167631244559803,
    "count": 10,
    "sum": 1040.5492530365511
  },
  "output_sequence_length": {
    "unit": "tokens",
    "avg": 1558.3,
    "p1": 1326.95,
    "p5": 1346.75,
    "p10": 1371.5,
    "p25": 1398.5,
    "p50": 1537.0,
    "p75": 1707.5,
    "p90": 1792.6,
    "p95": 1795.3,
    "p99": 1797.46,
    "min": 1322.0,
    "max": 1798.0,
    "std": 176.63015031415222,
    "count": 10,
    "sum": 15583.0
  },
  "input_sequence_length": {
    "unit": "tokens",
    "avg": 550.0,
    "p1": 550.0,
    "p5": 550.0,
    "p10": 550.0,
    "p25": 550.0,
    "p50": 550.0,
    "p75": 550.0,
    "p90": 550.0,
    "p95": 550.0,
    "p99": 550.0,
    "min": 550.0,
    "max": 550.0,
    "std": 0.0,
    "count": 10,
    "sum": 5500.0
  },
  "output_token_count": {
    "unit": "tokens",
    "avg": 724.5,
    "p1": 351.42,
    "p5": 473.1,
    "p10": 625.2,
    "p25": 683.75,
    "p50": 754.5,
    "p75": 831.0,
    "p90": 855.7,
    "p95": 867.85,
    "p99": 877.57,
    "min": 321.0,
    "max": 880.0,
    "std": 152.90143884215087,
    "count": 10,
    "sum": 7245.0
  },
  "reasoning_token_count": {
    "unit": "tokens",
    "avg": 833.8,
    "p1": 664.75,
    "p5": 691.75,
    "p10": 725.5,
    "p25": 735.5,
    "p50": 845.5,
    "p75": 915.0,
    "p90": 959.6,
    "p95": 980.3,
    "p99": 996.86,
    "min": 658.0,
    "max": 1001.0,
    "std": 107.78200220816089,
    "count": 10,
    "sum": 8338.0
  },
  "inter_chunk_latency": {
    "unit": "ms",
    "avg": 9.611263132288723,
    "p1": 8.707895819801587,
    "p5": 9.351470696558705,
    "p10": 9.446962306021813,
    "p25": 9.529499452567695,
    "p50": 9.602610375868055,
    "p75": 9.673572048931337,
    "p90": 9.7614807932971,
    "p95": 9.89005341268065,
    "p99": 10.64752460101308,
    "min": 2.779925,
    "max": 19.520841,
    "std": 0.4891416420827671,
    "count": 15572,
    "sum": 149666.589496
  },
  "total_output_tokens": {
    "unit": "tokens",
    "avg": 7245.0
  },
  "total_reasoning_tokens": {
    "unit": "tokens",
    "avg": 8338.0
  },
  "benchmark_duration": {
    "unit": "sec",
    "avg": 150.694534897
  },
  "total_isl": {
    "unit": "tokens",
    "avg": 5500.0
  },
  "total_osl": {
    "unit": "tokens",
    "avg": 15583.0
  },
  "telemetry_data": {
    "summary": {
      "endpoints_configured": [],
      "endpoints_successful": [],
      "start_time": "2026-07-19T19:20:50.987008",
      "end_time": "2026-07-19T19:23:23.717003"
    },
    "endpoints": {},
    "error_summary": []
  },
  "input_config": {
    "models": {
      "items": [
        {
          "name": "gemma-26B"
        }
      ]
    },
    "endpoint": {
      "urls": [
        "http://localhost:8000"
      ],
      "type": "chat",
      "api_key": "<redacted>",
      "streaming": true,
      "extra": {
        "chat_template_kwargs": {
          "enable_thinking": true
        }
      }
    },
    "datasets": [
      {
        "name": "main",
        "type": "synthetic",
        "entries": 10,
        "random_seed": 42,
        "prompts": {
          "isl": {
            "mean": 550.0
          }
        }
      }
    ],
    "phases": [
      {
        "name": "profiling",
        "type": "concurrency",
        "requests": 10,
        "concurrency": 1
      }
    ],
    "artifacts": {
      "dir": "/home/shadeform/NVIDIA-Brev-L40S-vLLM-DiffusionGemma/benchmarking/artifacts/vllm/gemma/conc1",
      "records": [
        "jsonl"
      ],
      "auto_plot": false,
      "plot_required": false
    },
    "tokenizer": {
      "name": "nvidia/Gemma-4-26B-A4B-NVFP4"
    },
    "gpu_telemetry": {
      "enabled": true
    },
    "server_metrics": {
      "enabled": true,
      "urls": [],
      "formats": [
        "json",
        "csv"
      ]
    },
    "network_latency": {
      "enabled": false
    },
    "otel": {},
    "mlflow": {},
    "wandb": {},
    "runtime": {
      "ui": "none"
    }
  },
  "run_info": {
    "benchmark_id": "69cb9a191016",
    "random_seed": 42,
    "trial": 0,
    "cli_command": "aiperf profile --model 'gemma-26B' --tokenizer 'nvidia/Gemma-4-26B-A4B-NVFP4' --streaming --endpoint-type 'chat' --extra-inputs '{\"chat_template_kwargs\":{\"enable_thinking\":true}}' --url 'http://localhost:8000' --request-count 10 --random-seed 42 --concurrency 1 --concurrency-min 1 --artifact-dir '/home/shadeform/NVIDIA-Brev-L40S-vLLM-DiffusionGemma/benchmarking/artifacts/vllm/gemma/conc1' --ui None --api-key '<redacted>'"
  },
  "was_cancelled": false,
  "error_summary": [],
  "start_time": "2026-07-19T19:20:50.987008",
  "end_time": "2026-07-19T19:23:21.708224",
  "http_req_sending": {
    "unit": "ms",
    "avg": 0.5015944999999999,
    "p1": 0.20485409999999998,
    "p5": 0.2069025,
    "p10": 0.20946299999999998,
    "p25": 0.21793025,
    "p50": 0.237869,
    "p75": 0.3123255,
    "p90": 0.5979011999999991,
    "p95": 1.6606040999999974,
    "p99": 2.5107664200000004,
    "min": 0.204342,
    "max": 2.7233069999999997,
    "std": 0.7422200567031653,
    "count": 10,
    "sum": 5.015944999999999
  },
  "http_req_duration": {
    "unit": "ms",
    "avg": 15054.229284899999,
    "p1": 12830.724597999999,
    "p5": 13011.043125999999,
    "p10": 13236.441286,
    "p25": 13497.199870749999,
    "p50": 14849.4448115,
    "p75": 16555.57847525,
    "p90": 17293.4562662,
    "p95": 17323.1251136,
    "p99": 17346.860191519998,
    "min": 12785.644966,
    "max": 17352.793961,