{
  "schema_version": "1.3",
  "aiperf_version": "0.11.0",
  "benchmark_id": "cdb2cd136136",
  "request_throughput": {
    "unit": "requests/sec",
    "avg": 0.3136793324914218
  },
  "request_latency": {
    "unit": "ms",
    "avg": 3186.2398683,
    "p1": 1357.7784497599998,
    "p5": 1813.7458328,
    "p10": 2383.7050615999997,
    "p25": 2551.3806772499997,
    "p50": 3354.3476685,
    "p75": 4006.055926,
    "p90": 4257.5475326999995,
    "p95": 4318.750451849999,
    "p99": 4367.7127871699995,
    "min": 1243.786604,
    "max": 4379.953371,
    "std": 931.9763240969162,
    "count": 10,
    "sum": 31862.398683
  },
  "request_count": {
    "unit": "requests",
    "avg": 10.0
  },
  "time_to_first_token": {
    "unit": "ms",
    "avg": 666.0157857,
    "p1": 380.12856516,
    "p5": 445.54078979999997,
    "p10": 527.3060706,
    "p25": 576.3213227499999,
    "p50": 689.6813245,
    "p75": 791.8383829999999,
    "p90": 806.8430142999999,
    "p95": 824.0920016499999,
    "p99": 837.8911915299999,
    "min": 363.775509,
    "max": 841.3409889999999,
    "std": 143.29677057594583,
    "count": 10,
    "sum": 6660.157857
  },
  "time_to_second_token": {
    "unit": "ms",
    "avg": 610.369196,
    "p1": 344.97303641,
    "p5": 382.87338605,
    "p10": 430.2488231,
    "p25": 525.79542225,
    "p50": 620.368206,
    "p75": 692.5649364999999,
    "p90": 737.4242611999999,
    "p95": 821.7335575999997,
    "p99": 889.18099472,
    "min": 335.497949,
    "max": 906.0428539999999,
    "std": 150.76383014581728,
    "count": 10,
    "sum": 6103.69196
  },
  "inter_token_latency": {
    "unit": "ms",
    "avg": 1.7850202285810213,
    "p1": 1.0797411211830794,
    "p5": 1.3362475598324477,
    "p10": 1.656880608144158,
    "p25": 1.744185540512552,
    "p50": 1.8699905151910645,
    "p75": 1.953360376445611,
    "p90": 1.982146980460928,
    "p95": 1.9894907129417316,
    "p99": 1.9953656989263744,
    "min": 1.0156145115207373,
    "max": 1.9968344454225353,
    "std": 0.2727481890655802,
    "count": 10,
    "sum": 17.850202285810212
  },
  "output_token_throughput": {
    "unit": "tokens/sec",
    "avg": 430.0543648457393
  },
  "output_token_throughput_per_user": {
    "unit": "tokens/sec/user",
    "avg": 580.9523490079481,
    "p1": 501.16403017202293,
    "p5": 502.6495779718902,
    "p10": 504.50651272172433,
    "p25": 512.0852971886758,
    "p50": 534.7913610053454,
    "p75": 573.4745712307185,
    "p90": 619.2559862510044,
    "p95": 801.9407696053511,
    "p99": 948.088596288829,
    "min": 500.7926432220561,
    "max": 984.6255529596983,
    "std": 137.23532087857242,
    "count": 10,
    "sum": 5809.523490079481
  },
  "output_sequence_length": {
    "unit": "tokens",
    "avg": 1371.0,
    "p1": 483.06,
    "p5": 675.3,
    "p10": 915.6,
    "p25": 1085.5,
    "p50": 1342.0,
    "p75": 1647.0,
    "p90": 2040.6,
    "p95": 2128.7999999999997,
    "p99": 2199.36,
    "min": 435.0,
    "max": 2217.0,
    "std": 494.56991416785553,
    "count": 10,
    "sum": 13710.0
  },
  "input_sequence_length": {
    "unit": "tokens",
    "avg": 550.0,
    "p1": 550.0,
    "p5": 550.0,
    "p10": 550.0,
    "p25": 550.0,
    "p50": 550.0,
    "p75": 550.0,
    "p90": 550.0,
    "p95": 550.0,
    "p99": 550.0,
    "min": 550.0,
    "max": 550.0,
    "std": 0.0,
    "count": 10,
    "sum": 5500.0
  },
  "output_token_count": {
    "unit": "tokens",
    "avg": 679.7,
    "p1": 81.9,
    "p5": 193.5,
    "p10": 333.0,
    "p25": 442.0,
    "p50": 643.0,
    "p75": 1016.75,
    "p90": 1069.6,
    "p95": 1099.3,
    "p99": 1123.06,
    "min": 54.0,
    "max": 1129.0,
    "std": 341.29724581367486,
    "count": 10,
    "sum": 6797.0
  },
  "reasoning_token_count": {
    "unit": "tokens",
    "avg": 691.3,
    "p1": 391.35,
    "p5": 432.75,
    "p10": 484.5,
    "p25": 531.25,
    "p50": 593.5,
    "p75": 887.5,
    "p90": 987.1999999999999,
    "p95": 1087.0999999999997,
    "p99": 1167.02,
    "min": 381.0,
    "max": 1187.0,
    "std": 244.38414433019176,
    "count": 10,
    "sum": 6913.0
  },
  "inter_chunk_latency": {
    "unit": "ms",
    "avg": 525.046683875,
    "p1": 282.24389099999996,
    "p5": 310.970054,
    "p10": 339.15259249999997,
    "p25": 445.1940105,
    "p50": 503.86082999999996,
    "p75": 619.3565785,
    "p90": 690.4697072000001,
    "p95": 724.0806932999997,
    "p99": 906.0428539999999,
    "min": 282.24389099999996,
    "max": 906.0428539999999,
    "std": 131.55640300316892,
    "count": 48,
    "sum": 25202.240825999997
  },
  "total_output_tokens": {
    "unit": "tokens",
    "avg": 6797.0
  },
  "total_reasoning_tokens": {
    "unit": "tokens",
    "avg": 6913.0
  },
  "benchmark_duration": {
    "unit": "sec",
    "avg": 31.879690385000004
  },
  "total_isl": {
    "unit": "tokens",
    "avg": 5500.0
  },
  "total_osl": {
    "unit": "tokens",
    "avg": 13710.0
  },
  "telemetry_data": {
    "summary": {
      "endpoints_configured": [],
      "endpoints_successful": [],
      "start_time": "2026-07-19T19:39:36.250393",
      "end_time": "2026-07-19T19:40:10.142029"
    },
    "endpoints": {},
    "error_summary": []
  },
  "input_config": {
    "models": {
      "items": [
        {
          "name": "diffusiongemma-26B"
        }
      ]
    },
    "endpoint": {
      "urls": [
        "http://localhost:8000"
      ],
      "type": "chat",
      "api_key": "<redacted>",
      "streaming": true,
      "extra": {
        "chat_template_kwargs": {
          "enable_thinking": true
        }
      }
    },
    "datasets": [
      {
        "name": "main",
        "type": "synthetic",
        "entries": 10,
        "random_seed": 42,
        "prompts": {
          "isl": {
            "mean": 550.0
          }
        }
      }
    ],
    "phases": [
      {
        "name": "profiling",
        "type": "concurrency",
        "requests": 10,
        "concurrency": 1
      }
    ],
    "artifacts": {
      "dir": "/home/shadeform/NVIDIA-Brev-L40S-vLLM-DiffusionGemma/benchmarking/artifacts/vllm/diffgemma/conc1",
      "records": [
        "jsonl"
      ],
      "auto_plot": false,
      "plot_required": false
    },
    "tokenizer": {
      "name": "nvidia/diffusiongemma-26B-A4B-it-NVFP4"
    },
    "gpu_telemetry": {
      "enabled": true
    },
    "server_metrics": {
      "enabled": true,
      "urls": [],
      "formats": [
        "json",
        "csv"
      ]
    },
    "network_latency": {
      "enabled": false
    },
    "otel": {},
    "mlflow": {},
    "wandb": {},
    "runtime": {
      "ui": "none"
    }
  },
  "run_info": {
    "benchmark_id": "cdb2cd136136",
    "random_seed": 42,
    "trial": 0,
    "cli_command": "aiperf profile --model 'diffusiongemma-26B' --tokenizer 'nvidia/diffusiongemma-26B-A4B-it-NVFP4' --streaming --endpoint-type 'chat' --extra-inputs '{\"chat_template_kwargs\":{\"enable_thinking\":true}}' --url 'http://localhost:8000' --request-count 10 --random-seed 42 --concurrency 1 --concurrency-min 1 --artifact-dir '/home/shadeform/NVIDIA-Brev-L40S-vLLM-DiffusionGemma/benchmarking/artifacts/vllm/diffgemma/conc1' --ui None --api-key '<redacted>'"
  },
  "was_cancelled": false,
  "error_summary": [],
  "start_time": "2026-07-19T19:39:36.250393",
  "end_time": "2026-07-19T19:40:08.132908",
  "http_req_receiving": {
    "unit": "ms",
    "avg": 2520.2301454,
    "p1": 562.81996966,
    "p5": 1050.9706363,
    "p10": 1661.1589695999999,
    "p25": 1979.5859047499998,
    "p50": 2633.9778375,
    "p75": 3219.572773,
    "p90": 3807.8132291999996,
    "p95": 3818.8050470999997,
    "p99": 3827.59850142,
    "min": 440.78230299999996,
    "max": 3829.796865,
    "std": 979.5972407671422,
    "count": 10,
    "sum": 25202.301454
  },
  "http_req_data_sent": {
    "unit": "KB",
    "avg": 2.515625,
    "p1": 2.287373046875,
    "p5": 2.288427734375,
    "p10": 2.28974609375,
    "p25": 2.48095703125,
    "p50": 2.52685546875,
    "p75": 2.617431640625,
    "p90": 2.66728515625,
    "p95": 2.681787109375,