{
  "schema_version": "1.3",
  "aiperf_version": "0.11.0",
  "benchmark_id": "751c541c40ca",
  "request_throughput": {
    "unit": "requests/sec",
    "avg": 0.11938788106931492
  },
  "request_latency": {
    "unit": "ms",
    "avg": 8373.7704556,
    "p1": 4264.8349774299995,
    "p5": 5008.639663149999,
    "p10": 5938.3955203,
    "p25": 7259.49019675,
    "p50": 7491.8445194999995,
    "p75": 10251.84693375,
    "p90": 11489.682035,
    "p95": 11841.7817225,
    "p99": 12123.4614725,
    "min": 4078.883806,
    "max": 12193.88141,
    "std": 2394.420496609205,
    "count": 10,
    "sum": 83737.704556
  },
  "request_count": {
    "unit": "requests",
    "avg": 10.0
  },
  "time_to_first_token": {
    "unit": "ms",
    "avg": 2755.6425206,
    "p1": 2432.73532296,
    "p5": 2481.0175668,
    "p10": 2541.3703716,
    "p25": 2657.05117575,
    "p50": 2751.373687,
    "p75": 2890.86707725,
    "p90": 2990.4172468,
    "p95": 3031.4169664,
    "p99": 3064.2167420799997,
    "min": 2420.664762,
    "max": 3072.416686,
    "std": 187.8809882480536,
    "count": 10,
    "sum": 27556.425206
  },
  "time_to_second_token": {
    "unit": "ms",
    "avg": 1434.3444475999997,
    "p1": 1057.21573936,
    "p5": 1093.3007728,
    "p10": 1138.4070645999998,
    "p25": 1335.78977975,
    "p50": 1533.0612194999999,
    "p75": 1579.2918124999999,
    "p90": 1584.119416,
    "p95": 1591.1490595,
    "p99": 1596.7727742999998,
    "min": 1048.194481,
    "max": 1598.178703,
    "std": 189.42731435978018,
    "count": 10,
    "sum": 14343.444475999999
  },
  "inter_token_latency": {
    "unit": "ms",
    "avg": 4.721596796151368,
    "p1": 3.476775153894291,
    "p5": 3.792980088998085,
    "p10": 4.188236257877827,
    "p25": 4.699436132237234,
    "p50": 4.830101719260603,
    "p75": 5.002449013981169,
    "p90": 5.1926188112631655,
    "p95": 5.241066579134908,
    "p99": 5.279824793432303,
    "min": 3.397723920118343,
    "max": 5.2895143470066515,
    "std": 0.5162133766523441,
    "count": 10,
    "sum": 47.21596796151369
  },
  "output_token_throughput": {
    "unit": "tokens/sec",
    "avg": 138.81228931929246
  },
  "output_token_throughput_per_user": {
    "unit": "tokens/sec/user",
    "avg": 214.93333955237227,
    "p1": 189.40678400464117,
    "p5": 190.82082793402202,
    "p10": 192.5883828457481,
    "p25": 199.90315545340684,
    "p50": 207.05229087765548,
    "p75": 212.7944127728353,
    "p90": 239.90505565178373,
    "p95": 267.10986366458025,
    "p99": 288.87371007481755,
    "min": 189.05327302229594,
    "max": 294.31467167737685,
    "std": 28.972809256384387,
    "count": 10,
    "sum": 2149.3333955237226
  },
  "output_sequence_length": {
    "unit": "tokens",
    "avg": 1162.7,
    "p1": 379.77,
    "p5": 542.85,
    "p10": 746.7,
    "p25": 916.75,
    "p50": 987.5,
    "p75": 1426.25,
    "p90": 1805.8999999999999,
    "p95": 1922.4499999999998,
    "p99": 2015.69,
    "min": 339.0,
    "max": 2039.0,
    "std": 476.3973236700643,
    "count": 10,
    "sum": 11627.0
  },
  "input_sequence_length": {
    "unit": "tokens",
    "avg": 550.0,
    "p1": 550.0,
    "p5": 550.0,
    "p10": 550.0,
    "p25": 550.0,
    "p50": 550.0,
    "p75": 550.0,
    "p90": 550.0,
    "p95": 550.0,
    "p99": 550.0,
    "min": 550.0,
    "max": 550.0,
    "std": 0.0,
    "count": 10,
    "sum": 5500.0
  },
  "output_token_count": {
    "unit": "tokens",
    "avg": 479.1,
    "p1": 27.810000000000002,
    "p5": 67.05000000000001,
    "p10": 116.10000000000001,
    "p25": 389.0,
    "p50": 428.0,
    "p75": 696.75,
    "p90": 806.6999999999999,
    "p95": 895.3499999999998,
    "p99": 966.27,
    "min": 18.0,
    "max": 984.0,
    "std": 282.08879807606684,
    "count": 10,
    "sum": 4791.0
  },
  "reasoning_token_count": {
    "unit": "tokens",
    "avg": 683.6,
    "p1": 327.84,
    "p5": 355.2,
    "p10": 389.4,
    "p25": 468.25,
    "p50": 570.0,
    "p75": 642.25,
    "p90": 907.5999999999996,
    "p95": 1409.7999999999988,
    "p99": 1811.5600000000002,
    "min": 321.0,
    "max": 1912.0,
    "std": 429.1764672020124,
    "count": 10,
    "sum": 6836.0
  },
  "inter_chunk_latency": {
    "unit": "ms",
    "avg": 1440.5456243589745,
    "p1": 244.98884999999999,
    "p5": 1006.6509394,
    "p10": 1167.320219,
    "p25": 1350.2165674999999,
    "p50": 1547.337528,
    "p75": 1598.98749325,
    "p90": 1622.4034367999998,
    "p95": 1627.8057303499997,
    "p99": 1632.366225,
    "min": 244.98884999999999,
    "max": 1632.366225,
    "std": 260.7963238557042,
    "count": 39,
    "sum": 56181.27935
  },
  "total_output_tokens": {
    "unit": "tokens",
    "avg": 4791.0
  },
  "total_reasoning_tokens": {
    "unit": "tokens",
    "avg": 6836.0
  },
  "benchmark_duration": {
    "unit": "sec",
    "avg": 83.760595384
  },
  "total_isl": {
    "unit": "tokens",
    "avg": 5500.0
  },
  "total_osl": {
    "unit": "tokens",
    "avg": 11627.0
  },
  "telemetry_data": {
    "summary": {
      "endpoints_configured": [],
      "endpoints_successful": [],
      "start_time": "2026-07-19T19:42:45.273435",
      "end_time": "2026-07-19T19:44:11.043748"
    },
    "endpoints": {},
    "error_summary": []
  },
  "input_config": {
    "models": {
      "items": [
        {
          "name": "diffusiongemma-26B"
        }
      ]
    },
    "endpoint": {
      "urls": [
        "http://localhost:8000"
      ],
      "type": "chat",
      "api_key": "<redacted>",
      "streaming": true,
      "extra": {
        "chat_template_kwargs": {
          "enable_thinking": true
        }
      }
    },
    "datasets": [
      {
        "name": "main",
        "type": "synthetic",
        "entries": 10,
        "random_seed": 42,
        "prompts": {
          "isl": {
            "mean": 550.0
          }
        }
      }
    ],
    "phases": [
      {
        "name": "profiling",
        "type": "concurrency",
        "requests": 10,
        "concurrency": 1
      }
    ],
    "artifacts": {
      "dir": "/home/shadeform/NVIDIA-Brev-L40S-vLLM-DiffusionGemma/benchmarking/artifacts/dynamo/diffgemma/conc1",
      "records": [
        "jsonl"
      ],
      "auto_plot": false,
      "plot_required": false
    },
    "tokenizer": {
      "name": "nvidia/diffusiongemma-26B-A4B-it-NVFP4"
    },
    "gpu_telemetry": {
      "enabled": true
    },
    "server_metrics": {
      "enabled": true,
      "urls": [],
      "formats": [
        "json",
        "csv"
      ]
    },
    "network_latency": {
      "enabled": false
    },
    "otel": {},
    "mlflow": {},
    "wandb": {},
    "runtime": {
      "ui": "none"
    }
  },
  "run_info": {
    "benchmark_id": "751c541c40ca",
    "random_seed": 42,
    "trial": 0,
    "cli_command": "aiperf profile --model 'diffusiongemma-26B' --tokenizer 'nvidia/diffusiongemma-26B-A4B-it-NVFP4' --streaming --endpoint-type 'chat' --extra-inputs '{\"chat_template_kwargs\":{\"enable_thinking\":true}}' --url 'http://localhost:8000' --request-count 10 --random-seed 42 --concurrency 1 --concurrency-min 1 --artifact-dir '/home/shadeform/NVIDIA-Brev-L40S-vLLM-DiffusionGemma/benchmarking/artifacts/dynamo/diffgemma/conc1' --ui None --api-key '<redacted>'"
  },
  "was_cancelled": false,
  "error_summary": [],
  "start_time": "2026-07-19T19:42:45.273435",
  "end_time": "2026-07-19T19:44:09.037310",
  "http_req_connecting": {
    "unit": "ms",
    "avg": 0.2417615,
    "p1": 0.0,
    "p5": 0.0,
    "p10": 0.0,
    "p25": 0.0,
    "p50": 0.0,
    "p75": 0.0,
    "p90": 0.2417614999999991,
    "p95": 1.3296882499999974,
    "p99": 2.2000296500000003,
    "min": 0.0,
    "max": 2.417615,
    "std": 0.7252845,
    "count": 10,
    "sum": 2.417615
  },
  "time_to_first_output_token": {
    "unit": "ms",
    "avg": 6094.7498406,
    "p1": 4010.0315943899996,
    "p5": 4037.2698319499996,
    "p10": 4071.3176289,
    "p25": 4628.677739,
    "p50": 5867.734498,
    "p75": 6155.84963675,
    "p90": 7409.181184399998,
    "p95": 9801.531297199994,